Paper_ID,Study_Area,Area ,Prey_Identity ,Prey_Taxa,Prey_Taxa_Valid,Years,Num_Ind,Density,Density_Err,Avg_Mass_kg,Mass_Cat_A,BM_Avail,Prop_BM_Avail,Prop_Items_Avail,Scat_n,Num_Consumed,km2_Num_Consumed,Mean_perc_volume,Prop_Items_Consumed,Meth_BM_Consumed,BM_Consumed,Prop_BM_Consumed ,Absolute_FO,Err_Absolute_FO,Corrected_Abs_FO,Relative_FO,Livestock_Wild,Fight_Flight_Guarded,Notes,BM_Use,Jacobs_BM,Ivlevs_BM,Chesson_BM
Chetri 2017,Central Himalayas,5000,Bharal,Pseudois nayaur,Pseudois nayaur,2012-2013,29850,5.97,0.1,34,Medium,202.98,0.07382621125,0.13839,57,,,,0.0176,y=0.439+0.008x,,0.0409,,,,4.42,Wild,,Cliff-dwelling,0.5540037787,-0.3029446248,-0.2869981575,0.003174685641
Chetri 2017,Central Himalayas,5000,Himalayan tahr,Hemitragus jemlahicus,Hemitragus jemlahicus,2012-2013,4250,0.85,0.22,50,Medium,42.50,0.01545774942,0.0197,57,,,,0,y=0.439+0.008x,,0,,,,0,Wild,,Cliff-dwelling,0,-1,-1,0
Chetri 2017,Central Himalayas,5000,Tibetan argali,Ovis ammon hodgsonii,Ovis ammon hodgsonii,2012-2013,1200,0.24,0.4,80,Medium,19.20,0.006983265622,0.00556,57,,,,0.023,y=0.439+0.008x,,0.1257,,,,8.95,Wild,,Plains-dwelling,18.00017453,0.9067352377,0.894737809,0.1031489275
Chetri 2017,Central Himalayas,5000,Tibetan gazelle,Procapra picticaudata,Procapra picticaudata,2012-2013,450,0.09,0.14,20,Small,1.80,0.0006546811521,0.00209,57,,,,0.0631,y=0.439+0.008x,,0.0862,,,,11.05,Wild,,Plains-dwelling,131.6671478,0.9862062457,0.9849246778,0.7545107443
Chetri 2017,Central Himalayas,5000,Kiang,Equus kiang,Equus kiang,2012-2013,1250,0.25,0.12,100,Medium,25.00,0.009092793779,0.0058,57,,,,0.0256,y=0.439+0.008x,,0.1748,,,,10.84,Wild,,Plains-dwelling,19.22401456,0.9169585602,0.9011076661,0.1101620699
Chetri 2017,Central Himalayas,5000,Goat,Capra hircus,Capra hircus,2012-2013,81950,16.39,0.16,25,Small,409.75,0.14903089,0.37993,57,,,,0.0415,y=0.439+0.008x,,0.071,,,,8.53,Livestock,"semi-guarded, dispersed in pasture",Plains-dwelling,0.4764112996,-0.3923743006,-0.3546360696,0.002730046563
Chetri 2017,Central Himalayas,5000,Sheep,Ovis aries,Ovis aries,2012-2013,31800,6.36,0.09,30,Medium,190.80,0.06939620212,0.14743,57,,,,0.0053,y=0.439+0.008x,,0.0109,,,,1.23,Livestock,"semi-guarded, less dispersed in pasture",Plains-dwelling,0.1570691143,-0.7424943347,-0.7285052166,0.0009000751995
Chetri 2017,Central Himalayas,5000,Horse,Equus ferus caballus,Equus caballus,2012-2013,6200,1.24,0.06,110,Large,136.40,0.04961028286,0.02874,57,,,,0.012,y=0.439+0.008x,,0.0903,,,,5.26,Livestock,unattended in pastures,Plains-dwelling,1.820187163,0.3107255461,0.2908272095,0.01043047407
Chetri 2017,Central Himalayas,5000,Yak/Chauri,Bos spp,,2012-2013,54600,10.92,0.14,150,Large,1638.00,0.5957598484,0.25313,57,,,,0.0087,y=0.439+0.008x,,0.0892,,,,4.18,Livestock,"unattented, too large",Plains-dwelling,0.1497247595,-0.8753768832,-0.7395467772,0.000857988812
Chetri 2017,Central Himalayas,5000,Lulu cow,Bos taurus sp,Bos taurus,2012-2013,4150,0.83,0.04,100,Medium,83.00,0.03018807535,0.01924,57,,,,0.0109,y=0.439+0.008x,,0.0742,,,,4.6,Livestock,,Plains-dwelling,2.457924169,0.4405238017,0.4216183171,0.01408498798
Ståhlberg 2017,South-central Scandinavia,17370,Moose,Alces alces,Alces alces,1997-2006,21886.2,1.26,,160.6,Large,202.356,0.9497071412,0.6885245902,2159,,,,,y=0.439+0.008x,,0.925,73.5,73.48-73.52,,,Wild,,"""Moose can also cause injury or death to predators but as the Scandinavian moose may be naïve due to a long period of wolf absence,their anti-predator behaviour has not yet had enough time to adjustto the re-colonising wolves""",0.973984463,-0.2098290087,-0.01317920048,0.5631403738
Ståhlberg 2017,South-central Scandinavia,17370,Roe deer,Capreolus capreolus,Capreolus capreolus,1997-2006,9900.9,0.57,,18.8,Small,10.716,0.05029285875,0.3114754098,2159,,,,,y=0.439+0.008x,,0.038,8.7,8.69-8.71,,,Wild,,,0.7555744681,-0.1455282493,-0.1392282335,0.4368596262
Ståhlberg 2017,Tuscany ,8000,Wild boar,Sus scrofa ,Sus scrofa,2005-2009,55280,6.91,,33.8,Medium,233.558,0.2015585626,0.1658665386,268,,,,,y=0.439+0.008x,,0.419,40.1,40.05-40.15,,,Wild,,"""Adult wild boar can cause serious injury or death to predators, and albeit the Apennine wild boar is somewhat smaller than in other parts of Europe, it can be energy beneficial targeting younger individuals""",2.078800298,0.4814352707,0.3503963212,0.4092826485
Ståhlberg 2017,Tuscany ,8000,Roe deer,Capreolus capreolus,Capreolus capreolus,2005-2009,200800,25.1,,22.4,Small,562.24,0.4852083261,0.7174363911,268,,,,,y=0.439+0.008x,,0.234,24.9,24.86-24.94,,,Wild,,,0.4822670746,-0.5104502931,-0.3492845077,0.09495070101
Ståhlberg 2017,Tuscany ,8000,Red deer,Cervus elaphus,Cervus elaphus,2005-2009,15280,1.91,,70.8,Medium,135.228,0.116700611,0.1925729357,268,,,,,y=0.439+0.008x,,0.074,4.9,4.88-4.92,,,Wild,,,0.6341012216,-0.2462139005,-0.2239143901,0.1248444248
Ståhlberg 2017,Tuscany ,8000,Fallow deer,Dama dama,Dama dama,2005-2009,22880,2.86,,39.7,Medium,113.542,0.0979857779,0.3539463784,268,,,,,y=0.439+0.008x,,0.115,10,9.98-10.02,,,Wild,,,1.17363971,0.08933739596,0.0798843109,0.2310709545
Ståhlberg 2017,Tuscany ,8000,Mouflon,Ovis orientalis musimon,Ovis aries orientalis,2005-2009,39040,4.88,,23.4,Small,114.192,0.09854672236,0.9251956561,268,,,,,y=0.439+0.008x,,0.07,7.4,7.37-7.43,,,Wild,,,0.7103229648,-0.1844697184,-0.1693697864,0.1398512712
Werhahn 2019,Humla,384,Yak/Cow,Bos grunniens / Bos grunniens-Bos taurus,Bos grunniens,2015,1885.44,4.91,0.32,237.5,Large,1166.13,0.6273,0.5425414365,69,,,,0.01,,,0.173,,,,14.3,Livestock,Semi-guarded,Small herds ,0.2757851108,-0.7789056641,-0.5676621267,0.05452266432
Werhahn 2019,Humla,384,Horse/Mule,Equus ferus caballus,Equus caballus,2015,261.12,0.68,0.12,350.5,Large,238.35,0.1282,0.07513812155,69,,,,0,,,0,,,,0,Livestock,Unguarded,Small herds ,0,-1,-1,0
Werhahn 2019,Humla,384,Goat,Capra hircus,Capra hircus,2015,576,1.5,0.26,27.5,Medium,41.25,0.0222,0.1657458564,69,,,,0,,,0,,,,0,Livestock,,Larger herds,0,-1,-1,0
Werhahn 2019,Humla,384,Kiang,Equus kiang,Equus kiang,2015,433.92,1.13,0.16,325,Large,367.25,0.1976,0.1248618785,69,,,,0.017,,,0.529,,,,20,Wild,,Mass range= 250-400kg. Plains-dwelling.,2.677125506,0.6403379686,0.4560968896,0.529267207
Werhahn 2019,Humla,384,Naur,Pseudois nayaur,Pseudois nayaur,2015,318.72,0.83,0.09,55.3,Medium,45.87,0.0247,0.09171270718,69,,,,0.01,,,0.052,,,,10,Wild,,Mass range = 35-75kg. Cliff-dwelling .,2.105263158,0.3682659933,0.3559322034,0.4162101287
Werhahn 2019,Dolpa,1088,Yak/Cow,Bos grunniens / Bos grunniens-Bos taurus,Bos grunniens,2016,10009.6,9.2,0.3,237.5,Large,2185,0.6037,0.2631578947,77,,,,0.023,,,0.662,,,,57,Livestock,Semi-guarded,Small-large herds,1.096571145,0.1249996784,0.04606146796,0.1707751724
Werhahn 2019,Dolpa,1088,Horse/Mule,Equus ferus caballus,Equus caballus,2016,2306.56,2.12,0.15,350,Large,742,0.205,0.06064073227,77,,,,0.002,,,0.101,,,,3.9,Livestock,Unguarded,Small herds ,0.4926829268,-0.3930609622,-0.339869281,0.07672827446
Werhahn 2019,Dolpa,1088,Goat,Capra hircus,Capra hircus,2016,24044.8,22.1,0.4,27.5,Medium,607.75,0.1679,0.6321510297,77,,,,0.007,,,0.022,,,,11.7,Livestock,Guarded,Larger herds,0.1310303752,-0.7993977396,-0.7682991048,0.02040609496
Werhahn 2019,Dolpa,1088,Naur,Pseudois nayaur,Pseudois nayaur,2016,1675.52,1.54,0.12,55,Medium,84.7,0.0234,0.04405034325,77,,,,0.017,,,0.11,,,,24.7,Wild,,Mass range = 35-75kg. Cliff-dwelling .,4.700854701,0.6752331348,0.6491754123,0.7320904582
Werhahn 2019,KCA,368,Yak/cow,Bos grunniens / Bos grunniens-Bos taurus,Bos grunniens,2016,3128,8.5,0.46,237.5,Large,2018.75,0.8736,0.6268436578,13,,,,0.01,,,0.63,,,,46.2,Livestock,Semi-guarded,Small-large herds,0.7211538462,-0.6046705588,-0.1620111732,0.1140042153
Werhahn 2019,KCA,368,Horse/mule,Equus ferus caballus,Equus caballus,2016,77.28,0.21,0.08,355,Large,74.55,0.0323,0.01548672566,13,,,,0.001,,,0.067,,,,15.4,Livestock,Unguarded,Small herds ,2.074303406,0.3653716156,0.3494461229,0.3279180071
Werhahn 2019,KCA,368,Goat,Capra hircus,Capra hircus,2016,658.72,1.79,0.29,27.5,Medium,49.23,0.0213,0.1320058997,13,,,,0,,,0,,,,0,Livestock,Guarded,Larger herds,0,-1,-1,0
Werhahn 2019,KCA,368,Naur,Pseudois nayaur,Pseudois nayaur,2016,1126.08,3.06,0.27,55,Medium,168.3,0.0728,0.2256637168,13,,,,0.017,,,0.257,,,,76.9,Wild,,Mass range = 35-75kg. Cliff-dwelling .,3.53021978,0.6300003283,0.5585203153,0.5580777777
Werhahn 2019,Namsai,175,Yak/Cow,Bos grunniens / Bos grunniens-Bos taurus,Bos grunniens,2017,3640,20.8,1.95,237.5,Large,4940,0.7909,0.502658289,9,,,,0.006,,,0.29,,,,,Livestock,Semi-guarded,Small-large herds,0.3666708813,-0.805075075,-0.4634101212,0.9246352782
Werhahn 2019,Namsai,175,Naur,Pseudois nayaur,Pseudois nayaur,2017,3325,19,1.42,55,Medium,1045,0.1673,0.459159014,9,,,,0.0004,,,0.005,,,,,Wild,,Mass range = 35-75kg. Cliff-dwelling .,0.02988643156,-0.9511976416,-0.9419616947,0.0753647218
Werhahn 2019,Namsai,175,White-lipped deer,Cervus albirostris,Przewalskium albirostre,2017,276.5,1.58,0.4,165,Large,260.7,0.0417,0.03818269696,9,,,,0,,,0,,,,,Wild,,,0,-1,-1,0
Werhahn 2019,Namsai,175,Tibetan Gazelle,Procapra picticaudata,Procapra picticaudata,2017,0,0,,14.1,Small,0,0,0,9,,,,0.076,,,0.23,,,,,Wild,,Mass range= 13.2-15kg. Plains-dwelling,0,1,1,0
Werhahn 2019,Zhaqing,452,Yak/Cow,Bos grunniens / Bos grunniens-Bos taurus,Bos grunniens,2017,9401.6,20.8,1.95,237.5,Large,4940,0.9481,0.8393866021,8,,,,0.227,,,0.929,,,,,Livestock,Semi-guarded,Small-large herds,0.9798544457,-0.1653247376,-0.01017527036,0.1257936659
Werhahn 2019,Zhaqing,452,White-lipped deer,Cervus albirostris,Przewalskium albirostre,2017,343.52,0.76,0.16,165.2236842,Large,125.57,0.0241,0.03066989508,8,,,,0,,,0,,,,,Wild,,,0,-1,-1,0
Werhahn 2019,Zhaqing,452,Tibetan gazelle,Procapra picticaudata,Procapra picticaudata,2017,357.08,0.79,0.27,14.06329114,Small,11.11,0.0021,0.03188054883,8,,,,0.059,,,0.0143,,,,,Wild,,Mass range= 13.2-15kg. Plains-dwelling,6.80952381,0.7466367686,0.743902439,0.8742063341
Werhahn 2019,Zhaqing,452,Naur,Pseudois nayaur,Pseudois nayaur,2017,1098.36,2.43,0.27,55,Medium,133.65,0.0257,0.098062954,8,,,,0,,,0,,,,,Wild,,Mass range = 35-75kg. Cliff-dwelling .,0,-1,-1,0
Figueiredo 2020,Montesinho Natural Park,350,Roe deer,Capreolus capreolus,Capreolus capreolus,2017-2019,430.5,1.23,,24,Small,29.52,,0.06937394247,85,,,,,y=0.439+0.008x,27.764,0.233,44,,,39,Wild,,biomass calculated using floyd modified weaver and multiplying by number of scats containing that item,,,,
Figueiredo 2020,Montesinho Natural Park,350,Red deer,Cervus elaphus,Cervus elaphus,2017-2019,2033.5,5.81,,100,Medium,581,,0.3276931754,85,,,,,y=0.439+0.008x,33.453,0.273,27,,,24,Wild,,biomass calculated using floyd modified weaver and multiplying by number of scats containing that item,,,,
Figueiredo 2020,Montesinho Natural Park,350,Cattle,Bos taurus,Bos taurus,2017-2019,189,0.54,,,,,,0.03045685279,85,,,,,y=0.439+0.008x,,0,0,,,0,Livestock,guarded,biomass calculated using floyd modified weaver and multiplying by number of scats containing that item. ,,,,
Figueiredo 2020,Montesinho Natural Park,350,Domestic pig,Sus scrofa domesticus,Sus scrofa scrofa,2017-2019,3.5,0.01,,,,,,0.0005640157924,85,,,,,y=0.439+0.008x,,0,0,,,0,Livestock,,biomass calculated using floyd modified weaver and multiplying by number of scats containing that item,,,,
Figueiredo 2020,Montesinho Natural Park,350,Sheep,Ovis aries,Ovis aries,2017-2019,3223.5,9.21,,,,,,0.5194585448,85,,,,,y=0.439+0.008x,,0,0,,,0,Livestock,guarded,biomass calculated using floyd modified weaver and multiplying by number of scats containing that item,,,,
Figueiredo 2020,Montesinho Natural Park,350,Domestic goat,Capra hircus,Capra hircus,2017-2019,325.5,0.93,,28.5,Medium,26.505,,0.0524534687,85,,,,,y=0.439+0.008x,,,5,,,4,Livestock,semi-guarded,biomass calculated using floyd modified weaver and multiplying by number of scats containing that item. negative selection likely due to increased livestock protection measures.,,,,
Hosseini-Zavarei 2013,Ghamishlou,1130,Persian gazelle,Gazella subgutturosa,Gazella subgutturosa,2007-2009,2400,2.123893805,,27.5,Medium,58.40707965,0.1088749588,0.1340782123,132,33,,,,y=0.38+0.02x,,0.27,31,,25,,Wild,,,2.479909091,0.5033860045,0.4252723425,0.1253720248
Hosseini-Zavarei 2013,Ghamishlou,1130,Esfahan wild sheep,Ovis orientalis,Ovis orientalis musimon,2007-2009,2400,2.123893805,,34,Medium,72.21238938,0.1346090399,0.1340782123,132,17,,,,y=0.38+0.02x,,0.159,17,,13,,Wild,,,1.181198529,0.09725132698,0.0830729193,0.05971559679
Hosseini-Zavarei 2013,Ghamishlou,1130,Persian wild goat,Capra aegagrus,Capra hircus aegagrus,2007-2009,100,0.08849557522,,36.0,Medium,3.185840708,0.005938634114,0.005586592179,132,9.5,,,,y=0.38+0.02x,,0.092,1,,7,,Wild,,,15.49177778,0.8886420931,0.8787274467,0.7831882045
Hosseini-Zavarei 2013,Ghamishlou,1130,Domestic sheep and goat,Ovis aries and Capra hircus,,2007-2009,13000,11.50442478,,35,Medium,402.6548673,0.7505773672,0.7262569832,132,49.5,,,,y=0.38+0.02x,,0.471,45,,38,,Livestock,Guarded,"13000 in 30 herds. Allowed to graze in pastures in the Wildlife Refuge for a 100-day period in winter (January–March), but are not allowed to enter the National Park. Guarded by herd dogs.",0.6275169231,-0.5433608776,-0.2288658702,0.0317241739
Capitani 2004,Pratomagno,110,Wild boar,Sus scrofa,Sus scrofa,1999-2001,561,5.1,,,,,,,355,,,80.8,,,,,87.3,,,,Wild,,Possible positive selection for juveniles,,,,
Capitani 2004,Pratomagno,110,Cervids,See notes,,1999-2001,2497,23.1,,,,,,,355,,,14.1,,,,,20.6,,,,Wild,,"Cervids = Roe deer (Capreolus capreolus), red deer (Cervus elaphus), and fallow deer (Dama dama). Fallow deer limited to 1/3 of the area. Possible positive selection for fawns in summer",,,,
Capitani 2004,Pratomagno,110,Bovids,See notes,,1999-2001,3,0.02727272727,,,,,,,355,,,0.2,,,,,0.3,,,,Wild,,"Bovids = mouflon (Ovis ammon musimon) and chamois (Rupicapra rupicapra). Mouflon absent except for ""an isolated hear of a few individuals"".",,,,
Capitani 2004,Cecina Valley,25,Wild boar,Sus scrofa,Sus scrofa,2000-2001,375,15,,,,,,,118,,,15.9,,,,,20.3,,,,Wild,,Possible positive selection for juveniles,,,,
Capitani 2004,Cecina Valley,25,Cervids,See notes,,2000-2001,550,22,,,,,,,118,,,40.5,,,,,45.8,,,,Wild,,"Cervids = Roe deer (Capreolus capreolus), red deer (Cervus elaphus), and fallow deer (Dama dama)",,,,
Capitani 2004,Cecina Valley,25,Bovids,See notes,,2000-2001,100,4,,,,,,,118,,,33,,,,,34.7,,,,Wild,,Bovids = mouflon (Ovis ammon musimon) and chamois (Rupicapra rupicapra),,,,
Tiralla 2021,Khentii Mountain range ,450,Wild boar,Sus scrofa,Sus scrofa,2008-2012,342,0.76,,,,,,,137,,,,,y=0.439+0.008x,,0.178,22.6,,,,Wild,"Fight (""defensive behaviour"")",,,,,
Tiralla 2021,Khentii Mountain range ,450,Siberian roe deer,Capreolus pygargus,Capreolus pygargus,2008-2012,256.5,0.57,,,,,,,137,,,,,y=0.439+0.008x,,0.462,43.8,,,,Wild,Less defensive and most vulnerable prey species. Solitary.,,,,,
Tiralla 2021,Khentii Mountain range ,450,Red deer,Cervus elaphus,Cervus elaphus,2008-2012,126,0.28,,,,,,,137,,,,,y=0.439+0.008x,,0.147,18.2,,,,Wild,,,,,,
Tiralla 2021,Khentii Mountain range ,450,Siberian musk deer,Moschus moschiferus,Moschus moschiferus,2008-2012,45,0.1,,,,,,,137,,,,,y=0.439+0.008x,,0.024,4.4,,,,Wild,,,,,,
Tiralla 2021,Khentii Mountain range ,450,Moose,Alces alces,Alces alces,2008-2012,22.5,0.05,,,,,,,137,,,,,y=0.439+0.008x,,0.008,7,,,,Wild,,,,,,
Petridou 2019,Central Continental Greece,612,Goat,Capra hircus,Capra hircus,2010-2012,13150,21.4869281,,40,Medium,859.4771242,0.2317435841,,124,,,,,"BMi% = (Yi× AVi%/sum Yij × AVij%) × 100, where AV is average volume in scat, Yi is y=0.439+0.008x, where x is 90% of each species’ mean weight in order to account for non-consumptive parts (skeleton, hooves, etc) ",,0.649,46,,,,Livestock,guarded. graze as scattered loose grouping,# individuals was averaged between summer (12300) and winter (14000) numbers.  goat herd size averaged 114 animals (range 10–800).  The number of livestock guardian dogs per herd averaged 3.8 animals (range 0–15) with a total estimated number of 865 guardian dogs present in the study area.,2.80050903,0.7194815317,0.4737547039,0.7319874559
Petridou 2019,Central Continental Greece,612,Sheep,Ovis aries,Ovis aries,2010-2012,24750,40.44117647,,57,Medium,2305.147059,0.6215442229,,124,,,,,"BMi% = (Yi× AVi%/sum Yij × AVij%) × 100, where AV is average volume in scat, Yi is y=0.439+0.008x, where x is 90% of each species’ mean weight in order to account for non-consumptive parts (skeleton, hooves, etc) ",,0.112,11.5,,,,Livestock,guarded. compact herds when grazing,# individuals was averaged between summer (23500) and winter (26000) numbers.  Sheep herd size averaged 148 animals (range 10–1200).The number of livestock guardian dogs per herd averaged 3.8 animals (range 0–15) with a total estimated number of 865 guardian dogs present in the study area.,0.1801963495,-0.8573591094,-0.6946332709,0.04709910448
Petridou 2019,Central Continental Greece,612,Limousin cattle,Bos taurus,Bos taurus,2010-2012,1850,3.022875817,,180,Large,544.1176471,0.146712193,,124,,,,,"BMi% = (Yi× AVi%/sum Yij × AVij%) × 100, where AV is average volume in scat, Yi is y=0.439+0.008x, where x is 90% of each species’ mean weight in order to account for non-consumptive parts (skeleton, hooves, etc) ",,0.124,4.5,,,,Livestock,unguarded,# individuals was averaged between summer (1750) and winter (1950) numbers. cattle herd size averaged 103 animals (range 5–400). The number of livestock guardian dogs per herd averaged 3.8 animals (range 0–15) with a total estimated number of 865 guardian dogs present in the study area.,0.8451921922,-0.09692497156,-0.08389793132,0.2209134396
Gazzola 2007,Alta Valle di Susa,523,Red deer,Cervus elaphus,Cervus elaphus,2000/01 S,1710.21,3.27,,110.4,Large,361.008,0.526408805,,,,,,,,,0.396,,,,,Wild,,,0.7522670523,-0.2579833882,-0.1413785344,0.3521371711
Gazzola 2007,Alta Valle di Susa,523,Roe deer,Capreolus capreolus,Capreolus capreolus,2000/01 S,3205.99,6.13,,25,Small,153.25,0.2234636057,,,,,,,,,0.144,,,,,Wild,,,0.6444002349,-0.2621643346,-0.2162489141,0.3016445757
Gazzola 2007,Alta Valle di Susa,523,Chamois,Rupicapra rupicapra,Rupicapra rupicapra,2000/01 S,2970.64,5.68,,30.2,Medium,171.536,0.2501275893,,,,,,,,,0.185,,,,,Wild,,,0.7396225282,-0.1901089289,-0.1496746953,0.3462182532
Gazzola 2007,Alta Valle di Susa,523,Red deer,Cervus elaphus,Cervus elaphus,2000/01 W,1140.14,2.18,,110.4,Large,240.672,0.5882646252,,,,,,,,,0.645,,,,,Wild,,,1.096445328,0.1195931388,0.04600421809,0.3633126816
Gazzola 2007,Alta Valle di Susa,523,Roe deer,Capreolus capreolus,Capreolus capreolus,2000/01 W,1312.73,2.51,,25,Small,62.75,0.1533772322,,,,,,,,,0.23,,,,,Wild,,,1.499570677,0.2449391349,0.1998625931,0.4968902963
Gazzola 2007,Alta Valle di Susa,523,Chamois,Rupicapra rupicapra,Rupicapra rupicapra,2000/01 W,1830.5,3.5,,30.2,Medium,105.7,0.2583581426,,,,,,,,,0.109,,,,,Wild,,,0.4218949669,-0.4801955727,-0.4065736546,0.1397970221
Gazzola 2007,Alta Valle di Susa,523,Red deer,Cervus elaphus,Cervus elaphus,2001/02 S,1485.32,2.84,,110.4,Large,313.536,0.5466089728,,,,,,,,,0.22,,,,,Wild,,,0.4024815013,-0.6208103718,-0.4260437646,0.2899448863
Gazzola 2007,Alta Valle di Susa,523,Roe deer,Capreolus capreolus,Capreolus capreolus,2001/02 S,2547.01,4.87,,25,Small,121.75,0.2122551874,,,,,,,,,0.174,,,,,Wild,,,0.8197679507,-0.1224595557,-0.09904122622,0.5905551546
Gazzola 2007,Alta Valle di Susa,523,Chamois,Rupicapra rupicapra,Rupicapra rupicapra,2001/02 S,2395.34,4.58,,30.2,Medium,138.316,0.2411358398,,,,,,,,,0.04,,,,,Wild,,,0.1658816044,-0.7681485644,-0.7154400519,0.1194999591
Gazzola 2007,Alta Valle di Susa,523,Red deer,Cervus elaphus,Cervus elaphus,2001/02 W,1140.14,2.18,,110.4,Large,240.672,0.5922309551,,,,,,,,,0.715,,,,,Wild,,,1.20729927,0.2666917084,0.09391534404,0.4542214071
Gazzola 2007,Alta Valle di Susa,523,Roe deer,Capreolus capreolus,Capreolus capreolus,2001/02 W,1223.82,2.34,,25,Small,58.5,0.1439532263,,,,,,,,,0.187,,,,,Wild,,,1.29903306,0.1553391815,0.130069056,0.4887343502
Gazzola 2007,Alta Valle di Susa,523,Chamois,Rupicapra rupicapra,Rupicapra rupicapra,2001/02 W,1856.65,3.55,,30.2,Medium,107.21,0.2638158186,,,,,,,,,0.04,,,,,Wild,,,0.1516209309,-0.7916783302,-0.7366825718,0.05704424269
Gazzola 2007,Alta Valle di Susa,523,Red deer,Cervus elaphus,Cervus elaphus,2002/03 S,1548.08,2.96,,110.4,Large,326.784,0.5685612677,,,,,,,,,0.361,,,,,Wild,,,0.6349359699,-0.3998791176,-0.2232894968,0.2556611392
Gazzola 2007,Alta Valle di Susa,523,Roe deer,Capreolus capreolus,Capreolus capreolus,2002/03 S,2275.05,4.35,,25,Small,108.75,0.1892107259,,,,,,,,,0.274,,,,,Wild,,,1.448120864,0.2358380842,0.1830468711,0.5830953787
Gazzola 2007,Alta Valle di Susa,523,Chamois,Rupicapra rupicapra,Rupicapra rupicapra,2002/03 S,2411.03,4.61,,30.2,Medium,139.222,0.2422280063,,,,,,,,,0.097,,,,,Wild,,,0.4004491532,-0.4969549237,-0.428113256,0.1612434821
Gazzola 2007,Alta Valle di Susa,523,Red deer,Cervus elaphus,Cervus elaphus,2002/03 W,1166.29,2.23,,110.4,Large,246.192,0.6046358559,,,,,,,,,0.412,,,,,Wild,,,0.6814018652,-0.3715855397,-0.1894836335,0.1506929229
Gazzola 2007,Alta Valle di Susa,523,Roe deer,Capreolus capreolus,Capreolus capreolus,2002/03 W,1213.36,2.32,,25,Small,58,0.1424452445,,,,,,,,,0.511,,,,,Wild,,,3.587343345,0.7256926177,0.5640178095,0.7933457211
Gazzola 2007,Alta Valle di Susa,523,Chamois,Rupicapra rupicapra,Rupicapra rupicapra,2002/03 W,1783.43,3.41,,30.2,Medium,102.982,0.2529188995,,,,,,,,,0.064,,,,,Wild,,,0.2530455419,-0.6639326411,-0.5961111812,0.05596135598
Mengüllüoğlu 2019,SWPA,80,Wild boar,Sus scrofa,Sus scrofa,,88,1.1,,120,Large,130.5,0.402,,,,,,,,,0.747,,,,,Wild,,,1.858208955,0.629089079,0.3002610966,0.717723531
Mengüllüoğlu 2019,SWPA,80,Red deer,Cervus elaphus,Cervus elaphus,,53,0.663,,150,Large,165,0.509,,,,,,,,,0.046,,,,,Wild,,,0.09037328094,-0.9111088372,-0.8342342342,0.03490620908
Mengüllüoğlu 2019,SWPA,80,Anatolian wild sheep,Ovis gmelinii anatolica,Ovis aries orientalis,,58,0.58,,40,Medium,29,0.089,,,,,,,,,0.057,,,,,Wild,,,0.6404494382,-0.2355469843,-0.2191780822,0.2473702599
Mengüllüoğlu 2019,NM,110,Wild boar,Sus scrofa,Sus scrofa,,,0.829,,120,Large,90.8,0.21,,,,,,,,,0.682,,,,,Wild,,,3.247619048,0.7794438206,0.5291479821,0.9183854362
Mengüllüoğlu 2019,NM,110,Red deer,Cervus elaphus,Cervus elaphus,,,2.275,,150,Large,341.3,0.79,,,,,,,,,0.228,,,,,Wild,,,0.2886075949,-0.8544149842,-0.5520628684,0.0816145638
Janeiro-Otero 2022,Serra do Cando,54.58,Roe deer,Capreolus capreolus,Capreolus capreolus,2017-2019,,0.07,,24,Small,1.68,0.00012455427,,,,,,,,,0,,,,,Wild,,,0,-1,-1,0
Janeiro-Otero 2022,Serra do Cando,54.58,Wild boar,Sus scrofa,Sus scrofa,2017-2019,,0.64,,67,Medium,42.88,0.003179099462,,,,,,,,,0.0774,,,,,Wild,,,24.34651729,0.9267537032,0.9210936959,0.8527218462
Janeiro-Otero 2022,Serra do Cando,54.58,Galician feral horses,Equus ferus atlanticus,Equus caballus,2017-2019,498,9.124221326,,300,Large,2737.266398,0.2029394154,,,,,,,,,0.8422,,,,,Wild,,,4.150007027,0.9089337027,0.6116510153,0.1453514526
Janeiro-Otero 2022,Serra do Cando,54.58,Goat,Capra hircus,Capra hircus,2017-2019,,0.02,,28.5,Medium,0.57,0.00004225948445,,,,,,,,,0,,,,,Livestock,,,0,-1,-1,0
Janeiro-Otero 2022,Serra do Cando,54.58,Cattle,Bos taurus,Bos taurus,2017-2019,,17,,600,Large,10200,0.7562223533,,,,,,,,,0.0416,,,,,Livestock,,,0.05501027551,-0.9724014536,-0.8957161332,0.001926701184
Janeiro-Otero 2022,Serra do Cando,54.58,Sheep,Ovis aries,Ovis aries,2017-2019,,0.2,,28.5,Medium,5.7,0.0004225948445,,,,,,,,,0,,,,,Livestock,,,0,-1,-1,0
Janeiro-Otero 2022,Serra do Cando,54.58,Pig,Sus domestica,Sus scrofa scrofa,2017-2019,,2,,250,Large,500,0.0370697232,,,,,,,,,0,,,,,Livestock,,,0,-1,-1,0
Janeiro-Otero 2022,Serra do Candán,106.83,Roe deer,Capreolus capreolus,Capreolus capreolus,2017-2019,,0.04,,24,Small,0.96,0.00002467131258,,,,,,,,,0.0341,,,,,Wild,,,1382.172103,0.9986032864,0.9985540483,0.7844678499
Janeiro-Otero 2022,Serra do Candán,106.83,Wild boar,Sus scrofa,Sus scrofa,2017-2019,,0.49,,67,Medium,32.83,0.0008437074918,,,,,,,,,0.0977,,,,,Wild,,,115.7984265,0.9845235578,0.9828764816,0.06572274355
Janeiro-Otero 2022,Serra do Candán,106.83,Goat,Capra hircus,Capra hircus,2017-2019,,0.1,,28.5,Medium,2.85,0.00007324295923,,,,,,,,,0.0154,,,,,Livestock,,,210.2591179,0.9906773863,0.990532953,0.1193350074
Janeiro-Otero 2022,Serra do Candán,106.83,Cattle,Bos taurus,Bos taurus,2017-2019,,52.8,,600,Large,31680,0.8141533152,,,,,,,,,0.7674,,,,,Livestock,,,0.9425743108,-0.1408271382,-0.02956164348,0.0005349690109
Janeiro-Otero 2022,Serra do Candán,106.83,Sheep,Ovis aries,Ovis aries,2017-2019,,0.7,,28.5,Medium,19.95,0.0005127007146,,,,,,,,,0.026,,,,,Livestock,,,50.71184662,0.9622917967,0.9613241427,0.02878209825
Janeiro-Otero 2022,Serra do Candán,106.83,Pig,Sus domestica,Sus scrofa scrofa,2017-2019,,28.7,,250,Large,7175,0.1843923623,,,,,,,,,0.376,,,,,Livestock,,,2.039130013,0.4543379724,0.3419169329,0.001157331951
Janeiro-Otero 2022,Estacas,14.05,Roe deer,Capreolus capreolus,Capreolus capreolus,2017-2019,,0.05,,24,Small,1.2,0.0002113787554,,,,,,,,,0,,,,,Wild,,,0,-1,-1,0
Janeiro-Otero 2022,Estacas,14.05,Wild boar,Sus scrofa,Sus scrofa,2017-2019,,0.64,,67,Medium,42.88,0.007553267525,,,,,,,,,0.0757,,,,,Wild,,,10.02215263,0.8299473769,0.8185472415,0.1486323714
Janeiro-Otero 2022,Estacas,14.05,Galician feral horse,Equus ferus atlanticus,Equus caballus,2017-2019,36,2.56227758,,300,Large,768.683274,0.1354027614,,,,,,,,,0.7712,,,,,Wild,,,5.695600236,0.9112008113,0.7012963843,0.08446793823
Janeiro-Otero 2022,Estacas,14.05,Goat,Capra hircus,Capra hircus,2017-2019,,0.1,,28.5,Medium,2.85,0.000502024544,,,,,,,,,0.0259,,,,,Livestock,,,51.59110309,0.9629191884,0.9619707539,0.7651158663
Janeiro-Otero 2022,Estacas,14.05,Cattle,Bos taurus,Bos taurus,2017-2019,,8,,600,Large,4800,0.8455150214,,,,,,,,,0.1017,,,,,Livestock,,,0.1202817187,-0.9594675772,-0.7852652298,0.001783824069
Janeiro-Otero 2022,Estacas,14.05,Sheep,Ovis aries,Ovis aries,2017-2019,,0.4,,28.5,Medium,11.4,0.002008098176,,,,,,,,,0,,,,,Livestock,,,0,-1,-1,0
Janeiro-Otero 2022,Estacas,14.05,Pig,Sus domestica,Sus scrofa scrofa,2017-2019,,0.2,,250,Large,50,0.00880744814,,,,,,,,,0,,,,,Livestock,,,0,-1,-1,0