Notes,Paper_ID,Study_Area,Area ,Prey_Item,Prey_Taxa,Prey_Taxa_Valid,Period,Num_Ind,Ratio_Ind_Avail,Prop_Ind_Avail,Density,Avg_Mass_kg,Mass_Details,Pantheria_kg,Orig_BM_Avail,Orig_Prop_BM_Avail,Orig_BM_Consumed,Orig_Prop_BM_Consumed ,Err_Prop_BM_Consumed,BM_Equiv,n_Kills_Tot,n_Kills_Prey,n_Kill_Anal,Prop_Kills,Ratio_Kills,Prop_Kills_Anal,Perc_Kills_Anal,Livestock_Wild,Fight_Flight_Guarded,Vulnerable_Score,Prey_Notes,Pack_Name,n_Packs,n_Wolves,Avg_Wolf_Density,Range_Wolf_Density,Avg_Pack_Size,Range_Pack_Size,Timepoint,A_C_Code,Avail_Code,Avail_Season,n_Avail_Points,Cons_Code,Cons_Season,n_Cons_Points,Study_Code,Area_Code,n_Prey_Species,Pop_Scale
,Atwood 2007,Northern Madison Range,680,Elk,Cervus elaphus,Cervus elaphus,"2003-2005, January-May",2416,,,3.552941176,,,240,,,,,,,96,67,,0.7,,,,Wild,,,,,,,,,,,1,P-3-3,AS,MWI,3,SNOW,MWI,3,ATD07NMS,NMS,4,PACK
,Atwood 2007,Northern Madison Range,680,Mule deer,Odocoileus hemionus,Odocoileus hemionus,"2003-2005, January-May",425,,,0.625,,,83.8,,,,,,,96,4,,0.04,,,,Wild,,,,,,,,,,,1,P-3-3,AS,MWI,3,SNOW,MWI,3,ATD07NMS,NMS,4,PACK
,Atwood 2007,Northern Madison Range,680,White tailed deer,Odocoileus virginianus,Odocoileus virginianus,"2003-2005, January-May",550,,,0.8088235294,,,75,,,,,,,96,25,,0.26,,,,Wild,,,,,,,,,,,1,P-3-3,AS,MWI,3,SNOW,MWI,3,ATD07NMS,NMS,4,PACK
Some wolves or packs will sometimes follow the caribou herds when prey density in territory is low (mean of 11% of packs annually migrated with caribou),Ballard 1997,Northwest Alaska,12280,Caribou,Rangifer tarandus granti,Rangifer tarandus,April 1987-July 1992,,,,0.9464065085,86,"From Fish and Wildlife personal communications, the mean of the average adult male (96kg) and the average adult female (76kg)",108,,,,,,,168,93,,,,,,Wild,,,Migratory and thus caribou availability can change drastically at different times of year and for different packs.  Caribou are on their spring migration (and travelling through the study area) during this study period. May-June they calve in the northern part of the study area. After calving move to the eastern half of the study area then late Oct/Nov they migrate to the south portion of the study area and during winter about half of the herd is further south than the study area (ie half the herd spends winter in the southern portion of the study area). ,,,,0.003965,0.00155-0.0066,9.7,2-24,,P-1-5,AS,SSU,1,AWT,MYR,5,BAD97NWA,NWA,,POP
,Ballard 1997,Northwest Alaska,12280,Moose,Alces alces,Alces alces,April 1987-July 1992,,,,0.166,427,"From Franzmann et al. 1978 and Hayes et al. 1991, the mean of the average adult male (454kg) and the average adult female (400kg)",481,,,,,,,168,71,,,,,,Wild,,,"13% of cows have twins (ie this pop is below the average moose twinning rate of 33% in the rest of north america). ""Moose typically use relatively high elevations during summer and autumn and move to lowland riparian areas for winter.""",,,,0.003965,0.00155-0.0066,9.7,2-24,,E-2-5,AS,SWI,1,AWT,MYR,5,BAD97NWA,NWA,,POP
,Becker 2008,Yellowstone National Park Madison Headwaters area,310,Elk,Cervus elaphus,Cervus elaphus,Winter 1997/8,663,,,2.138709677,,,240,,,,,,,15,15,15,,,1,,Wild,,,,,,,,,,,1,D,,,,,SWI,,BER08YNP-M,YNP-M,2,POP
,Becker 2008,Yellowstone National Park Madison Headwaters area,310,Bison,Bison bison,Bison bison,Winter 1997/8,562,,,1.812903226,,,620,,,,,,,15,0,15,,,0,,Wild,,,,,,,,,,,1,D,,,,,SWI,,BER08YNP-M,YNP-M,2,POP
,Becker 2008,Yellowstone National Park Madison Headwaters area,310,Elk,Cervus elaphus,Cervus elaphus,Winter 1998/9,732,,,2.361290323,,,240,,,,,,,63,51,63,,,0.8095238095,,Wild,,,,,,,,,,,2,D,,,,,SWI,,BER08YNP-M,YNP-M,2,POP
,Becker 2008,Yellowstone National Park Madison Headwaters area,310,Bison,Bison bison,Bison bison,Winter 1998/9,679,,,2.190322581,,,620,,,,,,,63,12,63,,,0.1904761905,,Wild,,,,,,,,,,,2,D,,,,,SWI,,BER08YNP-M,YNP-M,2,POP
,Becker 2008,Yellowstone National Park Madison Headwaters area,310,Elk,Cervus elaphus,Cervus elaphus,Winter 1999/2000,490,,,1.580645161,,,240,,,,,,,52,49,52,,,0.9423076923,,Wild,,,,,,,,,,,3,D,,,,,SWI,,BER08YNP-M,YNP-M,2,POP
,Becker 2008,Yellowstone National Park Madison Headwaters area,310,Bison,Bison bison,Bison bison,Winter 1999/2000,704,,,2.270967742,,,620,,,,,,,52,3,52,,,0.05769230769,,Wild,,,,,,,,,,,3,D,,,,,SWI,,BER08YNP-M,YNP-M,2,POP
,Becker 2008,Yellowstone National Park Madison Headwaters area,310,Elk,Cervus elaphus,Cervus elaphus,Winter 2000/1,691,,,2.229032258,,,240,,,,,,,73,71,73,,,0.9726027397,,Wild,,,,,,,,,,,4,D,,,,,SWI,,BER08YNP-M,YNP-M,2,POP
,Becker 2008,Yellowstone National Park Madison Headwaters area,310,Bison,Bison bison,Bison bison,Winter 2000/1,641,,,2.067741935,,,620,,,,,,,73,2,73,,,0.02739726027,,Wild,,,,,,,,,,,4,D,,,,,SWI,,BER08YNP-M,YNP-M,2,POP
,Becker 2008,Yellowstone National Park Madison Headwaters area,310,Elk,Cervus elaphus,Cervus elaphus,Winter 2001/2,495,,,1.596774194,,,240,,,,,,,91,75,91,,,0.8241758242,,Wild,,,,,,,,,,,5,D,,,,,SWI,,BER08YNP-M,YNP-M,2,POP
,Becker 2008,Yellowstone National Park Madison Headwaters area,310,Bison,Bison bison,Bison bison,Winter 2001/2,743,,,2.396774194,,,620,,,,,,,91,16,91,,,0.1758241758,,Wild,,,,,,,,,,,5,D,,,,,SWI,,BER08YNP-M,YNP-M,2,POP
,Becker 2008,Yellowstone National Park Madison Headwaters area,310,Elk,Cervus elaphus,Cervus elaphus,Winter 2002/3,389,,,1.25483871,,,240,,,,,,,75,61,75,,,0.8133333333,,Wild,,,,,,,,,,,6,D,,,,,SWI,,BER08YNP-M,YNP-M,2,POP
,Becker 2008,Yellowstone National Park Madison Headwaters area,310,Bison,Bison bison,Bison bison,Winter 2002/3,852,,,2.748387097,,,620,,,,,,,75,14,75,,,0.1866666667,,Wild,,,,,,,,,,,6,D,,,,,SWI,,BER08YNP-M,YNP-M,2,POP
,Becker 2008,Yellowstone National Park Madison Headwaters area,310,Elk,Cervus elaphus,Cervus elaphus,Winter 2003/4,233,,,0.7516129032,,,240,,,,,,,106,82,106,,,0.7735849057,,Wild,,,,,,,,,,,7,D,,,,,SWI,,BER08YNP-M,YNP-M,2,POP
,Becker 2008,Yellowstone National Park Madison Headwaters area,310,Bison,Bison bison,Bison bison,Winter 2003/4,947,,,3.05483871,,,620,,,,,,,106,24,106,,,0.2264150943,,Wild,,,,,,,,,,,7,D,,,,,SWI,,BER08YNP-M,YNP-M,2,POP
,Becker 2008,Yellowstone National Park Madison Headwaters area,310,Elk,Cervus elaphus,Cervus elaphus,Winter 2004/5,278,,,0.8967741935,,,240,,,,,,,94,61,94,,,0.6489361702,,Wild,,,,,,,,,,,8,D,,,,,SWI,,BER08YNP-M,YNP-M,2,POP
,Becker 2008,Yellowstone National Park Madison Headwaters area,310,Bison,Bison bison,Bison bison,Winter 2004/5,1005,,,3.241935484,,,620,,,,,,,94,33,94,,,0.3510638298,,Wild,,,,,,,,,,,8,D,,,,,SWI,,BER08YNP-M,YNP-M,2,POP
,Becker 2008,Yellowstone National Park Madison Headwaters area,310,Elk,Cervus elaphus,Cervus elaphus,Winter 2005/6,223,,,0.7193548387,,,240,,,,,,,84,47,84,,,0.5595238095,,Wild,,,,,,,,,,,9,D,,,,,SWI,,BER08YNP-M,YNP-M,2,POP
,Becker 2008,Yellowstone National Park Madison Headwaters area,310,Bison,Bison bison,Bison bison,Winter 2005/6,828,,,2.670967742,,,620,,,,,,,84,37,84,,,0.4404761905,,Wild,,,,,,,,,,,9,D,,,,,SWI,,BER08YNP-M,YNP-M,2,POP
Moose density taken and then the stated 1 Elk:10moose was applied as stated in text,Bjorge 1989,Simonette River,2000,Moose,Alces alces,Alces alces,1976-1981,,,,1.3,,,481,,,,,,,61,39,,,,,,Wild,,,,,,,0.0135833,,,,,P-3-5,AS,MWI,3,AWT-G,MWI,5,BJE89SNR,SNR,,POP
Moose density taken and then the stated 1 Elk:10moose was applied as stated in text,Bjorge 1989,Simonette River,2000,Elk,Cervus elaphus,Cervus elaphus,1976-1981,,,,0.13,,,240,,,,,,,61,17,,,,,,Wild,,,,,,,0.0135833,,,,,P-3-5,AS + MTRX,MWI,3,AWT-G,MWI,5,BJE89SNR,SNR,,POP
"Number individuals are the numbers counter from aerial surveys (they also don't have a study area size or survey area size). Density for the two species taken at different times (Elk = January 1991, Deer = late apr/early march 1991)",Boyd 1994,North Fork Flathead River Glacier National Park,not given ,Elk,Cervus elaphus,Cervus elaphus,1985-1991 Winter (Nov-Apr),369,,,,,,240,,,,,,,243,68,205,0.2798353909,,0.3317073171,,Wild,,,Elk prefered the open areas but used more dense habitat over the years,,,,,,,,1,P-1-6,AS,SWI,1,KM,MWI,6,BOD94NFF,NFF,2,POP
"Density for the two species taken at different times (Elk = January 1991, Deer = late apr/early march 1991)",Boyd 1994,North Fork Flathead River Glacier National Park,not given ,White-tailed deer,Odocoileus virginianus,Odocoileus virginianus,1985-1991 Winter (Nov-Apr),1296,,,,,,75,,,,,,,243,137,205,0.5637860082,,0.6682926829,,Wild,,,WT deer prefered closed habitats but may be pushed out by large groups of elk,,,,,,,,1,P-1-6,AS,SWI,1,KM,MWI,6,BOD94NFF,NFF,2,POP
Audy lake pack,Carbyn 1983,Riding mountain Audy lake,268,Elk,Cervus elaphus,Cervus elaphus,1978 Winter (1 Jan-4 Apr 1978),372,,,1.388059701,,,240,,,,,,,14,8,14,0.5714285714,,0.5714285714,57.14285714,Wild,,,,,,,,,,,1,A,AS + GS,SWI,1,AWT-G,SWI,1,CAN83RDM-A,RDM-A,3,PT
Audy lake pack,Carbyn 1983,Riding mountain Audy lake,268,Moose,Alces alces,Alces alces,1978 Winter (1 Jan-4 Apr 1978),164,,,0.6119402985,,,481,,,,,,,14,0,14,0,,0,0,Wild,,,,,,,,,,,1,A,AS,SWI,1,AWT-G,SWI,1,CAN83RDM-A,RDM-A,3,PT
Audy lake pack,Carbyn 1983,Riding mountain Audy lake,268,White-tailed deer,Odocoileus virginianus ,Odocoileus virginianus,1978 Winter (1 Jan-4 Apr 1978),120,,,0.447761194,,,75,,,,,,,14,6,14,0.4285714286,,0.4285714286,42.85714286,Wild,,,,,,,,,,,1,A,GS,SWI,1,AWT-G,SWI,1,CAN83RDM-A,RDM-A,3,PT
"Baldy lake pack scat and carcass data. Carcass data is for whole period, scat data is only for 19 days near end of period (but no discrimination between when the scat was deposited so RB considered it to be winter. BM equiv is for scat data (not entirely sure what it means)",Carbyn 1983,Riding mountain Baldy lake,290,Elk,Cervus elaphus,Cervus elaphus,1978-1979 Winters (Oct 1978- May 1979),688,,,2.372413793,,,240,,,,,,,23,21,23,0.9130434783,,0.9130434783,91.30434783,Wild,,,,,,,,,,,1,A,AS + GS,SWI,1,KM,SWI,1,CAN83RDM-B,RDM-B,3,PT
"Baldy lake pack scat and carcass data. Carcass data is for whole period, scat data is only for 19 days near end of period (but no discrimination between when the scat was deposited so RB considered it to be winter. BM equiv is for scat data (not entirely sure what it means)",Carbyn 1983,Riding mountain Baldy lake,290,Moose,Alces alces,Alces alces,1978-1979 Winters (Oct 1978- May 1979),272,,,0.9379310345,,,481,,,,,,,23,2,23,0.08695652174,,0.08695652174,8.695652174,Wild,,,,,,,,,,,1,A,AS,SWI,1,KM,SWI,1,CAN83RDM-B,RDM-B,3,PT
"Baldy lake pack scat and carcass data. Carcass data is for whole period, scat data is only for 19 days near end of period (but no discrimination between when the scat was deposited so RB considered it to be winter. BM equiv is for scat data (not entirely sure what it means)",Carbyn 1983,Riding mountain Baldy lake,290,White-tailed deer,Odocoileus virginianus ,Odocoileus virginianus,1978-1979 Winters (Oct 1978- May 1979),45,,,0.1551724138,,,75,,,,,,,23,0,23,0,,0,0,Wild,,,,,,,,,,,1,A,GS,SWI,1,KM,SWI,1,CAN83RDM-B,RDM-B,3,PT
"All wolf numbers for this study (n_Packs, density, etc are just of the packs for which data was collected)",Hayes 2000,Finlayson Lake,23000,Moose,Alces alces,Alces alces,Feb-March 1990-1994,5313,,,0.308,400,"Adult (female =375, male=413, unknown sex = 400) from various sources",481,,,,0.94,,,209,179,,,,,,Wild,,,"""many calf and yearling moose were available in most winters and were also highly profitable and low-risk prey""",,21,,,,6.311111111,2 to 20,,,AS,SWI,1,AWT,MWI,5,HAS00FLL,FLL,,POP
Large numbers of wintering caribou were available to 4 packs during 11 predation periods,Hayes 2000,Finlayson Lake,23000,Caribou,Rangifer tarandus caribou,Rangifer tarandus,Feb-March 1990-1994,,,,0.2586956522,152,Average adult (Yukon fish and wildlife),108,,,,,,,209,25,,,,,,Wild,,,"""probably posed less of a risk to hunt""",,21,,,,6.311111111,2 to 20,,,AS,SWI,1,AWT,MWI,5,HAS00FLL,FLL,,POP
"All wolf numbers for this study (n_Packs, density, etc are just of the packs for which data was collected). Only 75% (17250km^2) of the study area was moose habitable",Hayes 2000,Finlayson Lake,23000,Moose,Alces alces,Alces alces,Winter 1990,4537,,,0.263,400,"Adult (female =375, male=413, unknown sex = 400) from various sources",481,,,,,,,56,54,,,,,,Wild,,,"""many calf and yearling moose were available in most winters and were also highly profitable and low-risk prey""",,12,61,0.002652173913,0.002652173913,5.083333333,2 to 17,1,,MTRX,SWI,1,AWT,SWI,1,HAS00FLL,FLL,,POP
Large numbers of wintering caribou were available to 4 packs during 11 predation periods. See calculations sheet for density.,Hayes 2000,Finlayson Lake,23000,Caribou,Rangifer tarandus caribou,Rangifer tarandus,Winter 1990,,,,0.2192336035,152,Average adult (Yukon fish and wildlife),108,,,,,,,56,1,,,,,,Wild,,,"""probably posed less of a risk to hunt""",,12,61,0.002652173913,0.002652173913,5.083333333,2 to 17,1,,MTRX,SWI,1,AWT,SWI,1,HAS00FLL,FLL,,POP
,Hayes 2000,Finlayson Lake,23000,Moose,Alces alces,Alces alces,Winter 1991,5313,,,0.308,400,"Adult (female =375, male=413, unknown sex = 400) from various sources",481,,,,,,,20,14,,,,,,Wild,,,"""many calf and yearling moose were available in most winters and were also highly profitable and low-risk prey""",,8,28,0.001217391304,0.001217391304,3.5,2 to 7,2,,MTRX,SWI,1,AWT,SWI,1,HAS00FLL,FLL,,POP
Large numbers of wintering caribou were available to 4 packs during 11 predation periods. See calculations sheet for density.,Hayes 2000,Finlayson Lake,23000,Caribou,Rangifer tarandus caribou,Rangifer tarandus,Winter 1991,,,,0.2586956522,152,Average adult (Yukon fish and wildlife),108,,,,,,,20,6,,,,,,Wild,,,"""probably posed less of a risk to hunt""",,8,28,0.001217391304,0.001217391304,3.5,2 to 7,2,,AS,SWI,1,AWT,SWI,1,HAS00FLL,FLL,,POP
,Hayes 2000,Finlayson Lake,23000,Moose,Alces alces,Alces alces,Winter 1992,6227,,,0.361,400,"Adult (female =375, male=413, unknown sex = 400) from various sources",481,,,,,,,44,35,,,,,,Wild,,,"""many calf and yearling moose were available in most winters and were also highly profitable and low-risk prey""",,10,67,0.002913043478,0.002913043478,6.7,2 to 14,3,,MTRX,SWI,1,AWT,SWI,1,HAS00FLL,FLL,,POP
Large numbers of wintering caribou were available to 4 packs during 11 predation periods. See calculations sheet for density.,Hayes 2000,Finlayson Lake,23000,Caribou,Rangifer tarandus caribou,Rangifer tarandus,Winter 1992,,,,0.2450365217,152,Average adult (Yukon fish and wildlife),108,,,,,,,44,9,,,,,,Wild,,,"""probably posed less of a risk to hunt""",,10,67,0.002913043478,0.002913043478,6.7,2 to 14,3,,MTRX,SWI,1,AWT,SWI,1,HAS00FLL,FLL,,POP
,Hayes 2000,Finlayson Lake,23000,Moose,Alces alces,Alces alces,Winter 1993,6952,,,0.403,400,"Adult (female =375, male=413, unknown sex = 400) from various sources",481,,,,,,,34,31,,,,,,Wild,,,"""many calf and yearling moose were available in most winters and were also highly profitable and low-risk prey""",,7,56,0.002434782609,0.002434782609,8,2 to 11,4,,MTRX,SWI,1,AWT,SWI,1,HAS00FLL,FLL,,POP
Large numbers of wintering caribou were available to 4 packs during 11 predation periods. See calculations sheet for density.,Hayes 2000,Finlayson Lake,23000,Caribou,Rangifer tarandus caribou,Rangifer tarandus,Winter 1993,,,,0.2320985934,152,Average adult (Yukon fish and wildlife),108,,,,,,,34,3,,,,,,Wild,,,"""probably posed less of a risk to hunt""",,7,56,0.002434782609,0.002434782609,8,2 to 11,4,,MTRX,SWI,1,AWT,SWI,1,HAS00FLL,FLL,,POP
,Hayes 2000,Finlayson Lake,23000,Moose,Alces alces,Alces alces,Winter 1994,7642,,,0.443,400,"Adult (female =375, male=413, unknown sex = 400) from various sources",481,,,,,,,48,45,,,,,,Wild,,,"""many calf and yearling moose were available in most winters and were also highly profitable and low-risk prey""",,8,72,0.003130434783,0.003130434783,9,2 to 20,5,,MTRX,SWI,1,AWT,SWI,1,HAS00FLL,FLL,,POP
Large numbers of wintering caribou were available to 4 packs during 11 predation periods. See calculations sheet for density.,Hayes 2000,Finlayson Lake,23000,Caribou,Rangifer tarandus caribou,Rangifer tarandus,Winter 1994,,,,0.2198437877,152,Average adult (Yukon fish and wildlife),108,,,,,,,48,3,,,,,,Wild,,,"""probably posed less of a risk to hunt""",,8,72,0.003130434783,0.003130434783,9,2 to 20,5,,MTRX,SWI,1,AWT,SWI,1,HAS00FLL,FLL,,POP
Spray pack territory is the southern third of the study area,Huggard 1993,Bow Valley of Banff National Park (Bow Valley BNP),220 (whole SA),Elk,Cervus elaphus,Cervus elaphus,Winter 1989-1990,258,,,3.518183417,226.5620155,Calculated for from the authors biomass estimates (no mass values were reported) they used different masses for summer and winter,240,,,,,,,34,24,,,,,,Wild,,,"High habitat overlap with wolves. Individual encounter rate of 0.69 (highest od any prey) and group encounter of 0.38 (second highest encounter). Mean herd size of 10.3. Southern half of Bow Valley is an important wintering area for elk. ""rarely defend themselves actively (Carbyn 1974), but frequently seek refuge in deep water"". May be more detectable to wolves since they are larger, in larger herds, and more frequently occupy more open areas. Flee from wolves.",Spray,1,5-8,,,,5-8,,U,AS,WI,U,SNOW,MWI,1,HUD93BVB,BVB,,PT
,Huggard 1993,Bow Valley of Banff National Park (Bow Valley BNP),220 (whole SA),Deer,Odocoileus hemionus and Odocoileus virginianus,Odocoileus hemionus and Odocoileus virginianus,Winter 1989-1990,85,,,1.159091436,59.97647059,Calculated for from the authors biomass estimates (no mass values were reported) they used different masses for summer and winter,79.4,,,,,,,34,7,,,,,,Wild,,,"Includes both white-tailed and mule deer. High habitat overlap with wolves. Individual encounter rate of 0.22 (second highest of any prey) and group encounter of 0.50 (highest of any prey). Mean herd size of 2.5. Southern half of Bow Valley is an important wintering area for mule deer and white tailed deer. May be less detectable to wolves than elk since they are smaller, in smaller herds, and more frequently occupy more wooded and less open areas . Flee from wolves.",Spray,1,5-8,,,,5-8,,D,PC,SWI,1,SNOW,MWI,1,HUD93BVB,BVB,,PT
,Huggard 1993,Bow Valley of Banff National Park (Bow Valley BNP),220 (whole SA),Moose,Alces alces,Alces alces,Winter 1989-1990,14,,,0.1909091777,276.6428571,Calculated for from the authors biomass estimates (no mass values were reported) they used different masses for summer and winter,481,,,,,,,34,1,,,,,,Wild,,,"Individual encounter rate of 0.03 (second lowest of any prey) and group encounter of 0.08. Mean herd size of 2. ""However, known prey defensive behaviour suggests that moose are the only species in the BNP system that pose a substantial danger. Moose often defend themselves against wolves by means of foreleg kicks"". Do not always flee",Spray,1,5-8,,,,5-8,,D,PC,SWI,1,SNOW,MWI,1,HUD93BVB,BVB,,PT
,Huggard 1993,Bow Valley of Banff National Park (Bow Valley BNP),220 (whole SA),Bighorn sheep,Ovis canadensis,Ovis canadensis,Winter 1989-1990,145,,,1.977273626,77.49655172,Calculated for from the authors biomass estimates (no mass values were reported) they used different masses for summer and winter,74.6,,,,,,,34,2,,,,,,Wild,,,Low habitat overlap with wolves. Individual encounter rate of 0.05 (second lowest of any prey) and group encounter of 0.03 (second lowest of any prey). Mean herd size of 8.3. Often at higher elevations than wolves typically visit. Escape on to difficult terrain.,Spray,1,5-8,,,,5-8,,U,AS,WI,U,SNOW,MWI,1,HUD93BVB,BVB,,PT
,Huggard 1993,Bow Valley of Banff National Park (Bow Valley BNP),220 (whole SA),Mountain goat,Oreamnos americanus,Oreamnos americanus,Winter 1989-1990,51,,,0.6954548616,70,Calculated for from the authors biomass estimates (no mass values were reported) they used different masses for summer and winter,71.3,,,,,,,34,0,,,,,,Wild,,,Low habitat overlap with wolves. Individual encounter rate of <0.01 ( lowest of any prey) and group encounter of <0.01 (lowest of any prey). Mean herd size of 5. Often at higher elevations than wolves typically visit. Escape on to difficult terrain.,Spray,1,5-8,,,,5-8,,U,AS,WI,U,SNOW,MWI,1,HUD93BVB,BVB,,PT
Baker pack territory is the Nouthern 2/3 of the study area,Huggard 1993,Bow Valley of Banff National Park (Bow Valley BNP),220 (whole SA),Elk,Cervus elaphus,Cervus elaphus,Winter 1989-1990,147,,,1.002272704,225.170068,Calculated for from the authors biomass estimates (no mass values were reported) they used different masses for summer and winter,240,,,,,,,18,10,,,,,,Wild,,,"High habitat overlap with wolves. Individual encounter rate of 0.71 (highest od any prey) and group encounter of 0.40 (second highest encounter). Mean herd size of 10.3. Southern half of Bow Valley is an important wintering area for elk. ""rarely defend themselves actively (Carbyn 1974), but frequently seek refuge in deep water"". May be more detectable to wolves since they are larger, in larger herds, and more frequently occupy more open areas. Flee from wolves.",Baker,1,8-9,,,,8-9,,U,AS,WI,U,SNOW,MWI,1,HUD93BVB,BVB,,PT
,Huggard 1993,Bow Valley of Banff National Park (Bow Valley BNP),220 (whole SA),Deer,Odocoileus hemionus and Odocoileus virginianus,Odocoileus hemionus and Odocoileus virginianus,Winter 1989-1990,39,,,0.2659090849,59.20512821,Calculated for from the authors biomass estimates (no mass values were reported) they used different masses for summer and winter,79.4,,,,,,,18,2,,,,,,Wild,,,"Includes both white-tailed and mule deer. High habitat overlap with wolves. Individual encounter rate of 0.20 (second highest of any prey) and group encounter of 0.48 (highest of any prey). Mean herd size of 2.5. Mean herd size of 2.5. Southern half of Bow Valley is an important wintering area for mule deer and white tailed deer. May be less detectable to wolves than elk since they are smaller, in smaller herds, and more frequently occupy more wooded and less open areas . Flee from wolves.",Baker,1,8-9,,,,8-9,,D,PC,SWI,1,SNOW,MWI,1,HUD93BVB,BVB,,PT
,Huggard 1993,Bow Valley of Banff National Park (Bow Valley BNP),220 (whole SA),Moose,Alces alces,Alces alces,Winter 1989-1990,8,,,0.05454545331,310.625,Calculated for from the authors biomass estimates (no mass values were reported) they used different masses for summer and winter,481,,,,,,,18,1,,,,,,Wild,,,"Individual encounter rate of 0.03 (second lowest of any prey) and group encounter of 0.08. Mean herd size of 2. ""However, known prey defensive behaviour suggests that moose are the only species in the BNP system that pose a substantial danger. Moose often defend themselves against wolves by means of foreleg kicks"". Do not always flee",Baker,1,8-9,,,,8-9,,D,PC,SWI,1,SNOW,MWI,1,HUD93BVB,BVB,,PT
,Huggard 1993,Bow Valley of Banff National Park (Bow Valley BNP),220 (whole SA),Bighorn sheep,Ovis canadensis,Ovis canadensis,Winter 1989-1990,79,,,0.5386363514,77.50632911,Calculated for from the authors biomass estimates (no mass values were reported) they used different masses for summer and winter,74.6,,,,,,,18,4,,,,,,Wild,,,Low habitat overlap with wolves. Individual encounter rate of 0.05 (second lowest of any prey) and group encounter of 0.03 (second lowest of any prey). Mean herd size of 8.3. Often at higher elevations than wolves typically visit. Escape on to difficult terrain.,Baker,1,8-9,,,,8-9,,U,AS,WI,U,SNOW,MWI,1,HUD93BVB,BVB,,PT
,Huggard 1993,Bow Valley of Banff National Park (Bow Valley BNP),220 (whole SA),Mountain goat,Oreamnos americanus,Oreamnos americanus,Winter 1989-1990,30,,,0.2045454499,70,Calculated for from the authors biomass estimates (no mass values were reported) they used different masses for summer and winter,71.3,,,,,,,18,1,,,,,,Wild,,,Low habitat overlap with wolves. Individual encounter rate of <0.01 ( lowest of any prey) and group encounter of <0.01 (lowest of any prey). Mean herd size of 5. Often at higher elevations than wolves typically visit. Escape on to difficult terrain.,Baker,1,8-9,,,,8-9,,U,AS,WI,U,SNOW,MWI,1,HUD93BVB,BVB,,PT
,Huggard 1993,Bow Valley of Banff National Park (Bow Valley BNP),220,Elk,Cervus elaphus,Cervus elaphus,Winter 1989-1990,405,,,1.840909091,225.8660418,Calculated for from the authors biomass estimates (no mass values were reported) they used different masses for summer and winter. Averaged between values for each wolf pack,240,,,,,,,52,34,,,,,,Wild,,,"High habitat overlap with wolves. herd size of 10.3. Southern half of Bow Valley is an important wintering area for elk. ""rarely defend themselves actively (Carbyn 1974), but frequently seek refuge in deep water"". May be more detectable to wolves since they are larger, in larger herds, and more frequently occupy more open areas. Flee from wolves.",Spray and Baker,2,13-17,,0.0590909-0.0772727,,5-9,,U,AS,WI,U,SNOW,MWI,1,HUD93BVB,BVB,,POP
,Huggard 1993,Bow Valley of Banff National Park (Bow Valley BNP),220,Deer,Odocoileus hemionus and Odocoileus virginianus,Odocoileus hemionus and Odocoileus virginianus,Winter 1989-1990,124,,,0.5636363636,59.5907994,Calculated for from the authors biomass estimates (no mass values were reported) they used different masses for summer and winter. Averaged between values for each wolf pack,79.4,,,,,,,52,9,,,,,,Wild,,,"Includes both white-tailed and mule deer. High habitat overlap with wolves. herd size of 2.5. Mean herd size of 2.5. Southern half of Bow Valley is an important wintering area for mule deer and white tailed deer. May be less detectable to wolves than elk since they are smaller, in smaller herds, and more frequently occupy more wooded and less open areas . Flee from wolves.",Spray and Baker,2,13-17,,0.0590909-0.0772727,,5-9,,D,PC,SWI,1,SNOW,MWI,1,HUD93BVB,BVB,,POP
,Huggard 1993,Bow Valley of Banff National Park (Bow Valley BNP),220,Moose,Alces alces,Alces alces,Winter 1989-1990,22,,,0.1,293.6339286,Calculated for from the authors biomass estimates (no mass values were reported) they used different masses for summer and winter. Averaged between values for each wolf pack,481,,,,,,,52,2,,,,,,Wild,,,"Herd size of 2. ""However, known prey defensive behaviour suggests that moose are the only species in the BNP system that pose a substantial danger. Moose often defend themselves against wolves by means of foreleg kicks"". Do not always flee",Spray and Baker,2,13-17,,0.0590909-0.0772727,,5-9,,D,PC,SWI,1,SNOW,MWI,1,HUD93BVB,BVB,,POP
,Huggard 1993,Bow Valley of Banff National Park (Bow Valley BNP),220,Bighorn sheep,Ovis canadensis,Ovis canadensis,Winter 1989-1990,224,,,1.018181818,77.50144042,Calculated for from the authors biomass estimates (no mass values were reported) they used different masses for summer and winter. Averaged between values for each wolf pack,74.6,,,,,,,52,6,,,,,,Wild,,,Low habitat overlap with wolves. Herd size of 8.3. Often at higher elevations than wolves typically visit. Escape on to difficult terrain.,Spray and Baker,2,13-17,,0.0590909-0.0772727,,5-9,,U,AS,WI,U,SNOW,MWI,1,HUD93BVB,BVB,,POP
,Huggard 1993,Bow Valley of Banff National Park (Bow Valley BNP),220,Mountain goat,Oreamnos americanus,Oreamnos americanus,Winter 1989-1990,81,,,0.3681818182,70,Calculated for from the authors biomass estimates (no mass values were reported) they used different masses for summer and winter. Averaged between values for each wolf pack,71.3,,,,,,,52,1,,,,,,Wild,,,Low habitat overlap with wolves. Herd size of 5. Often at higher elevations than wolves typically visit. Escape on to difficult terrain.,Spray and Baker,2,13-17,,0.0590909-0.0772727,,5-9,,U,AS,WI,U,SNOW,MWI,1,HUD93BVB,BVB,,POP
,Jędrzejewski 2000,Białowieża Primeval Forest (BPF),580,European bison,Bison bonasus,Bison bonasus,1985-1996,,,0.037,,,,673,,,,,,,649,1,,0.002,,,,Wild,,,"protected species, population kept stable by yearly culling ",,,,0.02310344828,,,,,P-10-11,DC,MWI,10,MIZ,MYR,11,JEI00BPF,BPF,5,POP
,Jędrzejewski 2000,Białowieża Primeval Forest (BPF),580,Moose,Alces alces,Alces alces,1985-1996,,,0.013,,,,481,,,,,,,649,4,,0.006,,,,Wild,,,hunted in exploited BPF. 3-4 times heavier than the average prey item in BPF,,,,0.02310344828,,,,,P-10-11,DC,MWI,10,MIZ,MYR,11,JEI00BPF,BPF,5,POP
,Jędrzejewski 2000,Białowieża Primeval Forest (BPF),580,Red deer,Cervus elaphus,Cervus elaphus,1985-1996,,,0.385,,,,240,,,,,,,649,445,,0.686,,,,Wild,,,hunted in exploited BPF,,,,0.02310344828,,,,,P-10-11,DC,MWI,10,MIZ,MYR,11,JEI00BPF,BPF,5,POP
,Jędrzejewski 2000,Białowieża Primeval Forest (BPF),580,Roe deer,Capreolus capreolus,Capreolus capreolus,1985-1996,,,0.317,,,,22.4,,,,,,,649,111,,0.171,,,,Wild,,,"hunted in exploited BPF, smallest ungulate in BPF. ""always captured less often than expected from its prevalence in ungulate community. Very small groups and a secretive and elusive style of life in forests (Jedrzejewska and Jedrzejewski 1998) make roe deer a difficult prey for wolves.""",,,,0.02310344828,,,,,P-10-11,DC,MWI,10,MIZ,MYR,11,JEI00BPF,BPF,5,POP
,Jędrzejewski 2000,Białowieża Primeval Forest (BPF),580,Wild boar,Sus scrofa,Sus scrofa,1985-1996,,,0.248,,,,84.5,,,,,,,649,88,,0.135,,,,Wild,,,hunted in exploited BPF,,,,0.02310344828,,,,,P-10-11,DC,MWI,10,MIZ,MYR,11,JEI00BPF,BPF,5,POP
n Kills prey' data is an extrapolation by the author for the the whole study area and not the actual number of carcasses (see Critical appraisal sheet). Density was calculated as the mean between the Density in march (winter) and May (spring (post birth)),Jędrzejewski 2000,Białowieża Primeval Forest (BPF),580,Moose,Alces alces,Alces alces,1991-1992 (March-February),,,,0.445,,,481,,,,,,,,12,,0.012,,,,Wild,,,hunted in exploited BPF,,,,0.03275862069,,,,,B,DC+MTRX,SSP+SWI,2,T + SNOW,SYR,1,JEI00BPF,BPF,5,POP
n Kills prey' data is an extrapolation by the author for the the whole study area and not the actual number of carcasses (see Critical appraisal sheet). Density was calculated as the mean between the Density in march (winter) and May (spring (post birth)),Jędrzejewski 2000,Białowieża Primeval Forest (BPF),580,Red deer,Cervus elaphus,Cervus elaphus,1991-1992 (March-February),,,,7.325,,,240,,,,,,,,609,,0.661,,,,Wild,,,hunted in exploited BPF,,,,0.03275862069,,,,,B,DC+MTRX,SSP+SWI,2,T + SNOW,SYR,1,JEI00BPF,BPF,5,POP
n Kills prey' data is an extrapolation by the author for the the whole study area and not the actual number of carcasses (see Critical appraisal sheet). Density was calculated as the mean between the Density in march (winter) and May (spring (post birth)),Jędrzejewski 2000,Białowieża Primeval Forest (BPF),580,Roe deer,Capreolus capreolus,Capreolus capreolus,1991-1992 (March-February),,,,6.56,,,22.4,,,,,,,,145,,0.154,,,,Wild,,,hunted in exploited BPF,,,,0.03275862069,,,,,B,DC+MTRX,SSP+SWI,2,T + SNOW,SYR,1,JEI00BPF,BPF,5,POP
n Kills prey' data is an extrapolation by the author for the the whole study area and not the actual number of carcasses (see Critical appraisal sheet). Density was calculated as the mean between the Density in march (winter) and May (spring (post birth)),Jędrzejewski 2000,Białowieża Primeval Forest (BPF),580,Wild boar,Sus scrofa,Sus scrofa,1991-1992 (March-February),,,,5.68,,,84.5,,,,,,,,162,,0.173,,,,Wild,,,hunted in exploited BPF,,,,0.03275862069,,,,,B,DC+MTRX,SSP+SWI,2,T + SNOW,SYR,1,JEI00BPF,BPF,5,POP
n Kills prey' data is an extrapolation by the author for the the whole study area and not the actual number of carcasses (see Critical appraisal sheet). Density was calculated as the mean between the Density in march (winter) and May (spring (post birth)),Jędrzejewski 2000,Białowieża Primeval Forest (BPF),580,Moose,Alces alces,Alces alces,1992-1993 (March-February),,,,0.145,,,481,,,,,,,,0,,0,,,,Wild,,,hunted in exploited BPF,,,,0.02068965517,,,,,B,DC+MTRX,SSP+SWI,2,T + SNOW,SYR,1,JEI00BPF,BPF,5,POP
n Kills prey' data is an extrapolation by the author for the the whole study area and not the actual number of carcasses (see Critical appraisal sheet). Density was calculated as the mean between the Density in march (winter) and May (spring (post birth)),Jędrzejewski 2000,Białowieża Primeval Forest (BPF),580,Red deer,Cervus elaphus,Cervus elaphus,1992-1993 (March-February),,,,4.985,,,240,,,,,,,,452,,0.667,,,,Wild,,,hunted in exploited BPF,,,,0.02068965517,,,,,B,DC+MTRX,SSP+SWI,2,T + SNOW,SYR,1,JEI00BPF,BPF,5,POP
n Kills prey' data is an extrapolation by the author for the the whole study area and not the actual number of carcasses (see Critical appraisal sheet). Density was calculated as the mean between the Density in march (winter) and May (spring (post birth)),Jędrzejewski 2000,Białowieża Primeval Forest (BPF),580,Roe deer,Capreolus capreolus,Capreolus capreolus,1992-1993 (March-February),,,,5.635,,,22.4,,,,,,,,122,,0.176,,,,Wild,,,hunted in exploited BPF,,,,0.02068965517,,,,,B,DC+MTRX,SSP+SWI,2,T + SNOW,SYR,1,JEI00BPF,BPF,5,POP
n Kills prey' data is an extrapolation by the author for the the whole study area and not the actual number of carcasses (see Critical appraisal sheet). Density was calculated as the mean between the Density in march (winter) and May (spring (post birth)),Jędrzejewski 2000,Białowieża Primeval Forest (BPF),580,Wild boar,Sus scrofa,Sus scrofa,1992-1993 (March-February),,,,3.075,,,84.5,,,,,,,,110,,0.157,,,,Wild,,,hunted in exploited BPF,,,,0.02068965517,,,,,B,DC+MTRX,SSP+SWI,2,T + SNOW,SYR,1,JEI00BPF,BPF,5,POP
n Kills prey' data is an extrapolation by the author for the the whole study area and not the actual number of carcasses (see Critical appraisal sheet). Density was calculated as the mean between the Density in march (winter) and May (spring (post birth)),Jędrzejewski 2000,Białowieża Primeval Forest (BPF),580,Moose,Alces alces,Alces alces,1993-1994 (March-February),,,,0.175,,,481,,,,,,,,6,,0.007,,,,Wild,,,hunted in exploited BPF,,,,0.02068965517,,,,,B,DC+MTRX,SSP+SWI,2,T + SNOW,SYR,1,JEI00BPF,BPF,5,POP
n Kills prey' data is an extrapolation by the author for the the whole study area and not the actual number of carcasses (see Critical appraisal sheet). Density was calculated as the mean between the Density in march (winter) and May (spring (post birth)),Jędrzejewski 2000,Białowieża Primeval Forest (BPF),580,Red deer,Cervus elaphus,Cervus elaphus,1993-1994 (March-February),,,,4.365,,,240,,,,,,,,331,,0.486,,,,Wild,,,hunted in exploited BPF,,,,0.02068965517,,,,,B,DC+MTRX,SSP+SWI,2,T + SNOW,SYR,1,JEI00BPF,BPF,5,POP
n Kills prey' data is an extrapolation by the author for the the whole study area and not the actual number of carcasses (see Critical appraisal sheet). Density was calculated as the mean between the Density in march (winter) and May (spring (post birth)),Jędrzejewski 2000,Białowieża Primeval Forest (BPF),580,Roe deer,Capreolus capreolus,Capreolus capreolus,1993-1994 (March-February),,,,3.945,,,22.4,,,,,,,,122,,0.182,,,,Wild,,,hunted in exploited BPF,,,,0.02068965517,,,,,B,DC+MTRX,SSP+SWI,2,T + SNOW,SYR,1,JEI00BPF,BPF,5,POP
n Kills prey' data is an extrapolation by the author for the the whole study area and not the actual number of carcasses (see Critical appraisal sheet). Density was calculated as the mean between the Density in march (winter) and May (spring (post birth)),Jędrzejewski 2000,Białowieża Primeval Forest (BPF),580,Wild boar,Sus scrofa,Sus scrofa,1993-1994 (March-February),,,,4.535,,,84.5,,,,,,,,220,,0.325,,,,Wild,,,hunted in exploited BPF,,,,0.02068965517,,,,,B,DC+MTRX,SSP+SWI,2,T + SNOW,SYR,1,JEI00BPF,BPF,5,POP
n Kills prey' data is an extrapolation by the author for the the whole study area and not the actual number of carcasses (see Critical appraisal sheet). Density was calculated as the mean between the Density in march (winter) and May (spring (post birth)),Jędrzejewski 2000,Białowieża Primeval Forest (BPF),580,Moose,Alces alces,Alces alces,1995-1996 (March-February),,,,0.03,,,481,,,,,,,,6,,0.008,,,,Wild,,,hunted in exploited BPF,,,,0.02586206897,,,,,B,DC+MTRX,SSP+SWI,2,T + SNOW,SYR,1,JEI00BPF,BPF,5,POP
n Kills prey' data is an extrapolation by the author for the the whole study area and not the actual number of carcasses (see Critical appraisal sheet). Density was calculated as the mean between the Density in march (winter) and May (spring (post birth)),Jędrzejewski 2000,Białowieża Primeval Forest (BPF),580,Red deer,Cervus elaphus,Cervus elaphus,1995-1996 (March-February),,,,5.61,,,240,,,,,,,,360,,0.526,,,,Wild,,,hunted in exploited BPF,,,,0.02586206897,,,,,B,DC+MTRX,SSP+SWI,2,T + SNOW,SYR,1,JEI00BPF,BPF,5,POP
n Kills prey' data is an extrapolation by the author for the the whole study area and not the actual number of carcasses (see Critical appraisal sheet). Density was calculated as the mean between the Density in march (winter) and May (spring (post birth)),Jędrzejewski 2000,Białowieża Primeval Forest (BPF),580,Roe deer,Capreolus capreolus,Capreolus capreolus,1995-1996 (March-February),,,,4.205,,,22.4,,,,,,,,110,,0.159,,,,Wild,,,hunted in exploited BPF,,,,0.02586206897,,,,,B,DC+MTRX,SSP+SWI,2,T + SNOW,SYR,1,JEI00BPF,BPF,5,POP
n Kills prey' data is an extrapolation by the author for the the whole study area and not the actual number of carcasses (see Critical appraisal sheet). Density was calculated as the mean between the Density in march (winter) and May (spring (post birth)),Jędrzejewski 2000,Białowieża Primeval Forest (BPF),580,Wild boar,Sus scrofa,Sus scrofa,1995-1996 (March-February),,,,3.31,,,84.5,,,,,,,,209,,0.307,,,,Wild,,,hunted in exploited BPF,,,,0.02586206897,,,,,B,DC+MTRX,SSP+SWI,2,T + SNOW,SYR,1,JEI00BPF,BPF,5,POP
n Kills prey' data is an extrapolation by the author for the the whole study area and not the actual number of carcasses (see Critical appraisal sheet). Density was calculated as the mean between the Density in march (winter) and May (spring (post birth)),Jędrzejewski 2000,Białowieża Primeval Forest (BPF),580,Red deer,Cervus elaphus,Cervus elaphus,1997-1998,,,,3.63,,,240,,,,,,,,331,,,,,,,,,,,,,,,,,,B,DC+MTRX,SSP+SWI,2,PF + SNOW,SYR,1,JEI02BPF,BPF,5,POP
n Kills prey' data is an extrapolation by the author for the the whole study area and not the actual number of carcasses (see Critical appraisal sheet). Density was calculated as the mean between the Density in march (winter) and May (spring (post birth)),Jędrzejewski 2000,Białowieża Primeval Forest (BPF),580,Roe deer,Capreolus capreolus,Capreolus capreolus,1997-1998,,,,1.72,,,22.4,,,,,,,,29,,,,,,,,,,,,,,,,,,B,DC+MTRX,SSP+SWI,2,PF + SNOW,SYR,1,JEI02BPF,BPF,5,POP
n Kills prey' data is an extrapolation by the author for the the whole study area and not the actual number of carcasses (see Critical appraisal sheet). Density was calculated as the mean between the Density in march (winter) and May (spring (post birth)),Jędrzejewski 2000,Białowieża Primeval Forest (BPF),580,Wild boar,Sus scrofa,Sus scrofa,1997-1998,,,,3.515,,,84.5,,,,,,,,220,,,,,,,,,,,,,,,,,,B,DC+MTRX,SSP+SWI,2,PF + SNOW,SYR,1,JEI02BPF,BPF,5,POP
n Kills prey' data is an extrapolation by the author for the the whole study area and not the actual number of carcasses (see Critical appraisal sheet). Density was calculated as the mean between the Density in march (winter) and May (spring (post birth)),Jędrzejewski 2000,Białowieża Primeval Forest (BPF),580,Red deer,Cervus elaphus,Cervus elaphus,1998-1999,,,,3.77,,,240,,,,,,,,418,,,,,,,,,,,,,,,,,,B,DC+MTRX,SSP+SWI,2,PF + SNOW,SYR,1,JEI02BPF,BPF,5,POP
n Kills prey' data is an extrapolation by the author for the the whole study area and not the actual number of carcasses (see Critical appraisal sheet). Density was calculated as the mean between the Density in march (winter) and May (spring (post birth)),Jędrzejewski 2000,Białowieża Primeval Forest (BPF),580,Roe deer,Capreolus capreolus,Capreolus capreolus,1998-1999,,,,2.475,,,22.4,,,,,,,,23,,,,,,,,,,,,,,,,,,B,DC+MTRX,SSP+SWI,2,PF + SNOW,SYR,1,JEI02BPF,BPF,5,POP
n Kills prey' data is an extrapolation by the author for the the whole study area and not the actual number of carcasses (see Critical appraisal sheet). Density was calculated as the mean between the Density in march (winter) and May (spring (post birth)),Jędrzejewski 2000,Białowieża Primeval Forest (BPF),580,Wild boar,Sus scrofa,Sus scrofa,1998-1999,,,,5.215,,,84.5,,,,,,,,151,,,,,,,,,,,,,,,,,,B,DC+MTRX,SSP+SWI,2,PF + SNOW,SYR,1,JEI02BPF,BPF,5,POP
,Jędrzejewski 2012,2.  Rominta Forest,170,Moose,Alces alces,Alces alces,1999-2004,,,0.05,,>80,Median body mass of moose killed by wolves,481,,,,,,,49,,,0,,,,Wild,,,Large cervid,,,,0.009,,,,,U,MIX,U,U,SNOW + T,MYR,6,JEI12RMF,RMF,4,POP
,Jędrzejewski 2012,2.  Rominta Forest,170,Red deer,Cervus elaphus,Cervus elaphus,1999-2004,,,0.37,,62.5,Median body mass of red deer killed by wolves,240,,,,,,,49,,,0.35,,,,Wild,,,"""red deer was shown to be the optimal size prey for typical central European packs of 4–6 wolves (Jedrzejewski et al. 2002)"". Large cervid",,,,0.009,,,,,U,MIX,U,U,SNOW + T,MYR,6,JEI12RMF,RMF,4,POP
,Jędrzejewski 2012,2.  Rominta Forest,170,Roe deer,Capreolus capreolus,Capreolus capreolus,1999-2004,,,0.3,,20,Median body mass of roe deer killed by wolves,22.4,,,,,,,49,,,0.43,,,,Wild,,,,,,,0.009,,,,,U,MIX,U,U,SNOW + T,MYR,6,JEI12RMF,RMF,4,POP
,Jędrzejewski 2012,2.  Rominta Forest,170,Wild boar,Sus scrofa,Sus scrofa,1999-2004,,,0.28,,12.5,Median body mass of wild boar killed by wolves,84.5,,,,,,,49,,,0.22,,,,Wild,,,,,,,0.009,,,,,U,MIX,U,U,SNOW + T,MYR,6,JEI12RMF,RMF,4,POP
,Jędrzejewski 2012,3.  Pisz Forest,1350,Moose,Alces alces,Alces alces,1998-2003,,,0.003,,>80,Median body mass of moose killed by wolves,481,,,,,,,18,,,0,,,,Wild,,,Large cervid,,,,0.01,,,,,U,MIX,U,U,SNOW + T,MYR,6,JEI12PZF,PZF,4,POP
,Jędrzejewski 2012,3.  Pisz Forest,1350,Red deer,Cervus elaphus,Cervus elaphus,1998-2003,,,0.348,,62.5,Median body mass of red deer killed by wolves,240,,,,,,,18,,,0.33,,,,Wild,,,"""red deer was shown to be the optimal size prey for typical central European packs of 4–6 wolves (Jedrzejewski et al. 2002)"". Large cervid",,,,0.01,,,,,U,MIX,U,U,SNOW + T,MYR,6,JEI12PZF,PZF,4,POP
,Jędrzejewski 2012,3.  Pisz Forest,1350,Roe deer,Capreolus capreolus,Capreolus capreolus,1998-2003,,,0.532,,20,Median body mass of roe deer killed by wolves,22.4,,,,,,,18,,,0.67,,,,Wild,,,,,,,0.01,,,,,U,MIX,U,U,SNOW + T,MYR,6,JEI12PZF,PZF,4,POP
,Jędrzejewski 2012,3.  Pisz Forest,1350,Wild boar,Sus scrofa,Sus scrofa,1998-2003,,,0.117,,12.5,Median body mass of wild boar killed by wolves,84.5,,,,,,,18,,,0,,,,Wild,,,,,,,0.01,,,,,U,MIX,U,U,SNOW + T,MYR,6,JEI12PZF,PZF,4,POP
prop individuals was reported as <0.001,Jędrzejewski 2012,4. Napiwoda-Ramuki Forest,1940,Moose,Alces alces,Alces alces,1998-2003,,,0.0009,,>80,Median body mass of moose killed by wolves,481,,,,,,,46,,,0,,,,Wild,,,Large cervid,,,,0.01,,,,,U,MIX,U,U,SNOW + T,MYR,6,JEI12NRF,NRF,4,POP
,Jędrzejewski 2012,4. Napiwoda-Ramuki Forest,1940,Red deer,Cervus elaphus,Cervus elaphus,1998-2003,,,0.269,,62.5,Median body mass of red deer killed by wolves,240,,,,,,,46,,,0.43,,,,Wild,,,"""red deer was shown to be the optimal size prey for typical central European packs of 4–6 wolves (Jedrzejewski et al. 2002)"". Large cervid",,,,0.01,,,,,U,MIX,U,U,SNOW + T,MYR,6,JEI12NRF,NRF,4,POP
,Jędrzejewski 2012,4. Napiwoda-Ramuki Forest,1940,Roe deer,Capreolus capreolus,Capreolus capreolus,1998-2003,,,0.553,,20,Median body mass of roe deer killed by wolves,22.4,,,,,,,46,,,0.48,,,,Wild,,,,,,,0.01,,,,,U,MIX,U,U,SNOW + T,MYR,6,JEI12NRF,NRF,4,POP
,Jędrzejewski 2012,4. Napiwoda-Ramuki Forest,1940,Wild boar,Sus scrofa,Sus scrofa,1998-2003,,,0.178,,12.5,Median body mass of wild boar killed by wolves,84.5,,,,,,,46,,,0.09,,,,Wild,,,,,,,0.01,,,,,U,MIX,U,U,SNOW + T,MYR,6,JEI12NRF,NRF,4,POP
numbers are weighted means of study 5a and 5b,Jędrzejewski 2012,5.  Augustów Forest,1350,Moose,Alces alces,Alces alces,2000-2006,,,0.06586058981,,>80,Median body mass of moose killed by wolves,481,,,,,,,341,,,0.02982037534,,,,Wild,,,Large cervid,,,,0.024,,,,,U,MIX,U,U,SNOW + T,MYR,7,JEI12AGF,AGF,4,POP
numbers are weighted means of study 5a and 5b,Jędrzejewski 2012,5.  Augustów Forest,1350,Red deer,Cervus elaphus,Cervus elaphus,2000-2006,,,0.2924289544,,62.5,Median body mass of red deer killed by wolves,240,,,,,,,341,,,0.4334101877,,,,Wild,,,"""red deer was shown to be the optimal size prey for typical central European packs of 4–6 wolves (Jedrzejewski et al. 2002)"". Large cervid",,,,0.024,,,,,U,MIX,U,U,SNOW + T,MYR,7,JEI12AGF,AGF,4,POP
numbers are weighted means of study 5a and 5b,Jędrzejewski 2012,5.  Augustów Forest,1350,Roe deer,Capreolus capreolus,Capreolus capreolus,2000-2006,,,0.4913726542,,20,Median body mass of roe deer killed by wolves,22.4,,,,,,,341,,,0.4622922252,,,,Wild,,,,,,,0.024,,,,,U,MIX,U,U,SNOW + T,MYR,7,JEI12AGF,AGF,4,POP
numbers are weighted means of study 5a and 5b,Jędrzejewski 2012,5.  Augustów Forest,1350,Wild boar,Sus scrofa,Sus scrofa,2000-2006,,,0.1551635389,,12.5,Median body mass of wild boar killed by wolves,84.5,,,,,,,341,,,0.0744772118,,,,Wild,,,,,,,0.024,,,,,U,MIX,U,U,SNOW + T,MYR,7,JEI12AGF,AGF,4,POP
,Jędrzejewski 2012,6. Biebrza National Park,640,Moose,Alces alces,Alces alces,2001-2004,,,0.235,,>80,Median body mass of moose killed by wolves,481,,,,,,,35,,,0.257,,,,Wild,,,Large cervid,,,,0.02,,,,,U,MIX,U,U,SNOW + T,MYR,4,JEI12BNP,BNP,4,POP
,Jędrzejewski 2012,6. Biebrza National Park,640,Red deer,Cervus elaphus,Cervus elaphus,2001-2004,,,0.203,,62.5,Median body mass of red deer killed by wolves,240,,,,,,,35,,,0.513,,,,Wild,,,"""red deer was shown to be the optimal size prey for typical central European packs of 4–6 wolves (Jedrzejewski et al. 2002)"". Large cervid",,,,0.02,,,,,U,MIX,U,U,SNOW + T,MYR,4,JEI12BNP,BNP,4,POP
,Jędrzejewski 2012,6. Biebrza National Park,640,Roe deer,Capreolus capreolus,Capreolus capreolus,2001-2004,,,0.375,,20,Median body mass of roe deer killed by wolves,22.4,,,,,,,35,,,0.201,,,,Wild,,,,,,,0.02,,,,,U,MIX,U,U,SNOW + T,MYR,4,JEI12BNP,BNP,4,POP
,Jędrzejewski 2012,6. Biebrza National Park,640,Wild boar,Sus scrofa,Sus scrofa,2001-2004,,,0.187,,12.5,Median body mass of wild boar killed by wolves,84.5,,,,,,,35,,,0.029,,,,Wild,,,,,,,0.02,,,,,U,MIX,U,U,SNOW + T,MYR,4,JEI12BNP,BNP,4,POP
,Jędrzejewski 2012,7.  Knyszyn Forest,1500,Moose,Alces alces,Alces alces,2000-2002,,,0.016,,>80,Median body mass of moose killed by wolves,481,,,,,,,52,,,0.019,,,,Wild,,,Large cervid,,,,0.026,,,,,U,MIX,U,U,SNOW + T,MYR,3,JEI12KSF,KSF,5,POP
,Jędrzejewski 2012,7.  Knyszyn Forest,1500,Red deer,Cervus elaphus,Cervus elaphus,2000-2002,,,0.216,,62.5,Median body mass of red deer killed by wolves,240,,,,,,,52,,,0.423,,,,Wild,,,"""red deer was shown to be the optimal size prey for typical central European packs of 4–6 wolves (Jedrzejewski et al. 2002)"". Large cervid",,,,0.026,,,,,U,MIX,U,U,SNOW + T,MYR,3,JEI12KSF,KSF,5,POP
,Jędrzejewski 2012,7.  Knyszyn Forest,1500,Roe deer,Capreolus capreolus,Capreolus capreolus,2000-2002,,,0.538,,20,Median body mass of roe deer killed by wolves,22.4,,,,,,,52,,,0.423,,,,Wild,,,,,,,0.026,,,,,U,MIX,U,U,SNOW + T,MYR,3,JEI12KSF,KSF,5,POP
,Jędrzejewski 2012,7.  Knyszyn Forest,1500,Wild boar,Sus scrofa,Sus scrofa,2000-2002,,,0.227,,12.5,Median body mass of wild boar killed by wolves,84.5,,,,,,,52,,,0.135,,,,Wild,,,,,,,0.026,,,,,U,MIX,U,U,SNOW + T,MYR,3,JEI12KSF,KSF,5,POP
,Jędrzejewski 2012,7.  Knyszyn Forest,1500,Bison,Bison bonasus,Bison bonasus,2000-2002,,,0.003,,,,673,,,,,,,52,,,0,,,,Wild,,,,,,,0.026,,,,,U,MIX,U,U,SNOW + T,MYR,3,JEI12KSF,KSF,5,POP
exclude unless Jędrzejewski 2002 doesn't work out,Jędrzejewski 2012,8.  Białowieża Forest,600,Moose,Alces alces,Alces alces,1985-2000,,,0.004,,>80,Median body mass of moose killed by wolves,481,,,,,,,269,,,0.011,,,,Wild,,,Large cervid,,,,0.023,,,,,E-15-16,MIX,MYR,U,SNOW + T,MYR,16,JEI12BPF,BPF,5,POP
,Jędrzejewski 2012,8.  Białowieża Forest,600,Red deer,Cervus elaphus,Cervus elaphus,1985-2000,,,0.354,,62.5,Median body mass of red deer killed by wolves,240,,,,,,,269,,,0.727,,,,Wild,,,"""red deer was shown to be the optimal size prey for typical central European packs of 4–6 wolves (Jedrzejewski et al. 2002)"". Large cervid",,,,0.023,,,,,E-15-16,MIX,MYR,U,SNOW + T,MYR,16,JEI12BPF,BPF,5,POP
,Jędrzejewski 2012,8.  Białowieża Forest,600,Roe deer,Capreolus capreolus,Capreolus capreolus,1985-2000,,,0.208,,20,Median body mass of roe deer killed by wolves,22.4,,,,,,,269,,,0.041,,,,Wild,,,,,,,0.023,,,,,E-15-16,MIX,MYR,U,SNOW + T,MYR,16,JEI12BPF,BPF,5,POP
,Jędrzejewski 2012,8.  Białowieża Forest,600,Wild boar,Sus scrofa,Sus scrofa,1985-2000,,,0.378,,12.5,Median body mass of wild boar killed by wolves,84.5,,,,,,,269,,,0.221,,,,Wild,,,,,,,0.023,,,,,E-15-16,MIX,MYR,U,SNOW + T,MYR,16,JEI12BPF,BPF,5,POP
,Jędrzejewski 2012,8.  Białowieża Forest,600,Bison,Bison bonasus,Bison bonasus,1985-2000,,,0.056,,,,673,,,,,,,269,,,0,,,,Wild,,,,,,,0.023,,,,,E-15-16,MIX,MYR,U,SNOW + T,MYR,16,JEI12BPF,BPF,5,POP
,Jędrzejewski 2012,9.  Sobibór Forest,1910,Moose,Alces alces,Alces alces,2000-2005,,,0.029,,>80,Median body mass of moose killed by wolves,481,,,,,,,38,,,0.027,,,,Wild,,,Large cervid,,,,0.028,,,,,U,MIX,U,U,SNOW + T,MYR,6,JEI12SBF,SBF,4,POP
,Jędrzejewski 2012,9.  Sobibór Forest,1910,Red deer,Cervus elaphus,Cervus elaphus,2000-2005,,,0.134,,62.5,Median body mass of red deer killed by wolves,240,,,,,,,38,,,0.21,,,,Wild,,,"""red deer was shown to be the optimal size prey for typical central European packs of 4–6 wolves (Jedrzejewski et al. 2002)"". Large cervid",,,,0.028,,,,,U,MIX,U,U,SNOW + T,MYR,6,JEI12SBF,SBF,4,POP
,Jędrzejewski 2012,9.  Sobibór Forest,1910,Roe deer,Capreolus capreolus,Capreolus capreolus,2000-2005,,,0.66,,20,Median body mass of roe deer killed by wolves,22.4,,,,,,,38,,,0.71,,,,Wild,,,,,,,0.028,,,,,U,MIX,U,U,SNOW + T,MYR,6,JEI12SBF,SBF,4,POP
,Jędrzejewski 2012,9.  Sobibór Forest,1910,Wild boar,Sus scrofa,Sus scrofa,2000-2005,,,0.177,,12.5,Median body mass of wild boar killed by wolves,84.5,,,,,,,38,,,0.053,,,,Wild,,,,,,,0.028,,,,,U,MIX,U,U,SNOW + T,MYR,6,JEI12SBF,SBF,4,POP
,Jędrzejewski 2012,10. Roztocze,8590,Moose,Alces alces,Alces alces,2000-2003,,,0.003,,>80,Median body mass of moose killed by wolves,481,,,,,,,39,,,0,,,,Wild,,,Large cervid,,,,0.02,,,,,U,MIX,U,U,SNOW + T,MYR,4,JEI12RAS-R,RAS-R,4,POP
,Jędrzejewski 2012,10. Roztocze,8590,Red deer,Cervus elaphus,Cervus elaphus,2000-2003,,,0.24,,62.5,Median body mass of red deer killed by wolves,240,,,,,,,39,,,0.4,,,,Wild,,,"""red deer was shown to be the optimal size prey for typical central European packs of 4–6 wolves (Jedrzejewski et al. 2002)"". Large cervid",,,,0.02,,,,,U,MIX,U,U,SNOW + T,MYR,4,JEI12RAS-R,RAS-R,4,POP
,Jędrzejewski 2012,10. Roztocze,8590,Roe deer,Capreolus capreolus,Capreolus capreolus,2000-2003,,,0.647,,20,Median body mass of roe deer killed by wolves,22.4,,,,,,,39,,,0.54,,,,Wild,,,,,,,0.02,,,,,U,MIX,U,U,SNOW + T,MYR,4,JEI12RAS-R,RAS-R,4,POP
,Jędrzejewski 2012,10. Roztocze,8590,Wild boar,Sus scrofa,Sus scrofa,2000-2003,,,0.11,,12.5,Median body mass of wild boar killed by wolves,84.5,,,,,,,39,,,0.06,,,,Wild,,,,,,,0.02,,,,,U,MIX,U,U,SNOW + T,MYR,4,JEI12RAS-R,RAS-R,4,POP
,Jędrzejewski 2012,11.  Bieszczady Mountains,780,Moose,Alces alces,Alces alces,1998-2005,,,0,,>80,Median body mass of moose killed by wolves,481,,,,,,,1050,,,0,,,,Wild,,,Large cervid,,,,0.047,,,,,U,MIX,U,U,SNOW + T,MYR,8,JEI12BZM,BZM,4,POP
,Jędrzejewski 2012,11.  Bieszczady Mountains,780,Red deer,Cervus elaphus,Cervus elaphus,1998-2005,,,0.533,,62.5,Median body mass of red deer killed by wolves,240,,,,,,,1050,,,0.811,,,,Wild,,,"""red deer was shown to be the optimal size prey for typical central European packs of 4–6 wolves (Jedrzejewski et al. 2002)"". Large cervid",,,,0.047,,,,,U,MIX,U,U,SNOW + T,MYR,8,JEI12BZM,BZM,4,POP
,Jędrzejewski 2012,11.  Bieszczady Mountains,780,Roe deer,Capreolus capreolus,Capreolus capreolus,1998-2005,,,0.405,,20,Median body mass of roe deer killed by wolves,22.4,,,,,,,1050,,,0.179,,,,Wild,,,,,,,0.047,,,,,U,MIX,U,U,SNOW + T,MYR,8,JEI12BZM,BZM,4,POP
,Jędrzejewski 2012,11.  Bieszczady Mountains,780,Wild boar,Sus scrofa,Sus scrofa,1998-2005,,,0.062,,12.5,Median body mass of wild boar killed by wolves,84.5,,,,,,,1050,,,0.01,,,,Wild,,,,,,,0.047,,,,,U,MIX,U,U,SNOW + T,MYR,8,JEI12BZM,BZM,4,POP
,Jędrzejewski 2012,12. Beskidy Mountains,2190,Moose,Alces alces,Alces alces,1999-2004,,,0,,>80,Median body mass of moose killed by wolves,481,,,,,,,667,,,0,,,,Wild,,,Large cervid,,,,0.017,,,,,U,MIX,U,U,SNOW + T,MYR,6,JEI12BKM,BKM,4,POP
,Jędrzejewski 2012,12. Beskidy Mountains,2190,Red deer,Cervus elaphus,Cervus elaphus,1999-2004,,,0.352,,62.5,Median body mass of red deer killed by wolves,240,,,,,,,667,,,0.412,,,,Wild,,,"""red deer was shown to be the optimal size prey for typical central European packs of 4–6 wolves (Jedrzejewski et al. 2002)"". Large cervid",,,,0.017,,,,,U,MIX,U,U,SNOW + T,MYR,6,JEI12BKM,BKM,4,POP
,Jędrzejewski 2012,12. Beskidy Mountains,2190,Roe deer,Capreolus capreolus,Capreolus capreolus,1999-2004,,,0.573,,20,Median body mass of roe deer killed by wolves,22.4,,,,,,,667,,,0.525,,,,Wild,,,,,,,0.017,,,,,U,MIX,U,U,SNOW + T,MYR,6,JEI12BKM,BKM,4,POP
,Jędrzejewski 2012,12. Beskidy Mountains,2190,Wild boar,Sus scrofa,Sus scrofa,1999-2004,,,0.075,,12.5,Median body mass of wild boar killed by wolves,84.5,,,,,,,667,,,0.063,,,,Wild,,,,,,,0.017,,,,,U,MIX,U,U,SNOW + T,MYR,6,JEI12BKM,BKM,4,POP
,Jędrzejewski 2012,13.  Western Beskidy Mountains,1410,Moose,Alces alces,Alces alces,1997-2001,,,0,,>80,Median body mass of moose killed by wolves,481,,,,,,,93,,,0,,,,Wild,,,Large cervid,,,,0.016,,,,,U,MIX,U,U,SNOW + T,MYR,5,JEI12WBM,WBM,4,POP
,Jędrzejewski 2012,13.  Western Beskidy Mountains,1410,Red deer,Cervus elaphus,Cervus elaphus,1997-2001,,,0.21,,62.5,Median body mass of red deer killed by wolves,240,,,,,,,93,,,0.46,,,,Wild,,,"""red deer was shown to be the optimal size prey for typical central European packs of 4–6 wolves (Jedrzejewski et al. 2002)"". Large cervid",,,,0.016,,,,,U,MIX,U,U,SNOW + T,MYR,5,JEI12WBM,WBM,4,POP
,Jędrzejewski 2012,13.  Western Beskidy Mountains,1410,Roe deer,Capreolus capreolus,Capreolus capreolus,1997-2001,,,0.74,,20,Median body mass of roe deer killed by wolves,22.4,,,,,,,93,,,0.5,,,,Wild,,,,,,,0.016,,,,,U,MIX,U,U,SNOW + T,MYR,5,JEI12WBM,WBM,4,POP
,Jędrzejewski 2012,13.  Western Beskidy Mountains,1410,Wild boar,Sus scrofa,Sus scrofa,1997-2001,,,0.05,,12.5,Median body mass of wild boar killed by wolves,84.5,,,,,,,93,,,0.04,,,,Wild,,,,,,,0.016,,,,,U,MIX,U,U,SNOW + T,MYR,5,JEI12WBM,WBM,4,POP
"Number of wolf killed moose is reported in text as 23 but in table 1 its reported as 5, table is just raw numbers from this study so RB assumes 5 is correct. no total sum of all kills is ever actually given.  WT deer could be broken down into sex and age classes. Any deer which could not be ID'd to species and was found in a WT deer winter range, was assumed to be a WT deer. Density is tracks/km^2",Kunkel 1999,North Fork Flathead River Glacier National Park,1000,White-tailed deer,Odocoileus virginianus,Odocoileus virginianus,1992-1996 Winter (Nov-Apr),14800,,0.74,14.8,,,75,,,,,,,166,138,166,0.83,,,,Wild,,,prefer closed habitats,,,,,,,,,P-3-4,TS,MWI,3,TRL / SNOW,MWI,4,KUL99NFF,NFF,3,POP
elk could be broken down into age classes. The 68 additional elk carcasses from 1985-1991 (almost certainly from Boyd) were not included in extraction. Density is tracks/km^2,Kunkel 1999,North Fork Flathead River Glacier National Park,1000,Elk,Cervus elaphus,Cervus elaphus,1992-1996 Winter (Nov-Apr),3200,,0.16,3.2,,,240,,,,,,,166,23,166,0.14,,,,Wild,,,,,,,,,,,,P-3-4,TS,MWI,3,TRL / SNOW,MWI,4,KUL99NFF,NFF,3,POP
Density is tracks/km^2,Kunkel 1999,North Fork Flathead River Glacier National Park,1000,Moose,Alces alces,Alces alces,1992-1996 Winter (Nov-Apr),1900,,0.1,1.9,,,481,,,,,,,166,5,166,0.03,,,,Wild,,,,,,,,,,,,P-3-4,TS,MWI,3,TRL / SNOW,MWI,4,KUL99NFF,NFF,3,POP
137 bison scavenged over the study period,Tallian 2017,Yellowstone National Park Winter Range,995,Bison,Bison bison,Bison bison,Winter 1995/1996,681,0.043,,0.6844221106,,,620,,,,,,,,,,0,,,,Wild,,,,,,,,,,,,D,,,,,SWI,,TAN17YNP-P,YNP-P,2,POP
,Tallian 2017,Yellowstone National Park Winter Range,995,Elk,Cervus elaphus,Cervus elaphus,Winter 1995/1996,15913,,,15.99296482,,,240,,,,,,,,,,1,,,,Wild,,,migrate seasonally,,,,,,,,,D,,,,,SWI,,TAN17YNP-P,YNP-P,2,POP
,Tallian 2017,Yellowstone National Park Winter Range,995,Bison,Bison bison,Bison bison,Winter 1996/1997,1112,0.078,,1.11758794,,,620,,,,,,,,,,0,,,,Wild,,,,,,,,,,,,D,,,,,SWI,,TAN17YNP-P,YNP-P,2,POP
,Tallian 2017,Yellowstone National Park Winter Range,995,Elk,Cervus elaphus,Cervus elaphus,Winter 1996/1997,14219,,,14.29045226,,,240,,,,,,,,,,1,,,,Wild,,,,,,,,,,,,D,,,,,SWI,,TAN17YNP-P,YNP-P,2,POP
,Tallian 2017,Yellowstone National Park Winter Range,995,Bison,Bison bison,Bison bison,Winter 1997/1998,784,0.063,,0.7879396985,,,620,,,,,,,,,,,,,,Wild,,,,,,,,,,,,D,,,,,SWI,,TAN17YNP-P,YNP-P,2,POP
,Tallian 2017,Yellowstone National Park Winter Range,995,Elk,Cervus elaphus,Cervus elaphus,Winter 1997/1998,12376,,,12.43819095,,,240,,,,,,,,,,,,,,Wild,,,,,,,,,,,,D,,,,,SWI,,TAN17YNP-P,YNP-P,2,POP
,Tallian 2017,Yellowstone National Park Winter Range,995,Bison,Bison bison,Bison bison,Winter 1998/1999,457,0.038,,0.4592964824,,,620,,,,,,,,,,,,,,Wild,,,,,,,,,,,,D,,,,,SWI,,TAN17YNP-P,YNP-P,2,POP
,Tallian 2017,Yellowstone National Park Winter Range,995,Elk,Cervus elaphus,Cervus elaphus,Winter 1998/1999,11928,,,11.9879397,,,240,,,,,,,,,,,,,,Wild,,,,,,,,,,,,D,,,,,SWI,,TAN17YNP-P,YNP-P,2,POP
,Tallian 2017,Yellowstone National Park Winter Range,995,Bison,Bison bison,Bison bison,Winter 1999/2000,502,0.031,,0.5045226131,,,620,,,,,,,,,,0,,,,Wild,,,,,,,,,,,,D,,,,,SWI,,TAN17YNP-P,YNP-P,2,POP
,Tallian 2017,Yellowstone National Park Winter Range,995,Elk,Cervus elaphus,Cervus elaphus,Winter 1999/2000,16372,,,16.45427136,,,240,,,,,,,,,,1,,,,Wild,,,,,,,,,,,,D,,,,,SWI,,TAN17YNP-P,YNP-P,2,POP
,Tallian 2017,Yellowstone National Park Winter Range,995,Bison,Bison bison,Bison bison,Winter 2000/2001,547,0.036,,0.5497487437,,,620,,,,,,,,,,,,,,Wild,,,,,,,,,,,,D,,,,,SWI,,TAN17YNP-P,YNP-P,2,POP
,Tallian 2017,Yellowstone National Park Winter Range,995,Elk,Cervus elaphus,Cervus elaphus,Winter 2000/2001,15089,,,15.16482412,,,240,,,,,,,,,,,,,,Wild,,,,,,,,,,,,D,,,,,SWI,,TAN17YNP-P,YNP-P,2,POP
,Tallian 2017,Yellowstone National Park Winter Range,995,Bison,Bison bison,Bison bison,Winter 2001/2002,929,0.076,,0.9336683417,,,620,,,,,,,,,,,,,,Wild,,,,,,,,,,,,D,,,,,SWI,,TAN17YNP-P,YNP-P,2,POP
,Tallian 2017,Yellowstone National Park Winter Range,995,Elk,Cervus elaphus,Cervus elaphus,Winter 2001/2002,12278,,,12.33969849,,,240,,,,,,,,,,,,,,Wild,,,,,,,,,,,,D,,,,,SWI,,TAN17YNP-P,YNP-P,2,POP
,Tallian 2017,Yellowstone National Park Winter Range,995,Bison,Bison bison,Bison bison,Winter 2002/2003,1214,0.123,,1.220100503,,,620,,,,,,,,,,,,,,Wild,,,,,,,,,,,,D,,,,,SWI,,TAN17YNP-P,YNP-P,2,POP
,Tallian 2017,Yellowstone National Park Winter Range,995,Elk,Cervus elaphus,Cervus elaphus,Winter 2002/2003,9846,,,9.895477387,,,240,,,,,,,,,,,,,,Wild,,,,,,,,,,,,D,,,,,SWI,,TAN17YNP-P,YNP-P,2,POP
,Tallian 2017,Yellowstone National Park Winter Range,995,Bison,Bison bison,Bison bison,Winter 2003/2004,1443,0.174,,1.450251256,,,620,,,,,,,,,,,,,,Wild,,,,,,,,,,,,D,,,,,SWI,,TAN17YNP-P,YNP-P,2,POP
,Tallian 2017,Yellowstone National Park Winter Range,995,Elk,Cervus elaphus,Cervus elaphus,Winter 2003/2004,8275,,,8.316582915,,,240,,,,,,,,,,,,,,Wild,,,,,,,,,,,,D,,,,,SWI,,TAN17YNP-P,YNP-P,2,POP
,Tallian 2017,Yellowstone National Park Winter Range,995,Bison,Bison bison,Bison bison,Winter 2004/2005,1642,0.186,,1.650251256,,,620,,,,,,,,,,,,,,Wild,,,,,,,,,,,,D,,,,,SWI,,TAN17YNP-P,YNP-P,2,POP
,Tallian 2017,Yellowstone National Park Winter Range,995,Elk,Cervus elaphus,Cervus elaphus,Winter 2004/2005,8831,,,8.875376884,,,240,,,,,,,,,,,,,,Wild,,,,,,,,,,,,D,,,,,SWI,,TAN17YNP-P,YNP-P,2,POP
,Tallian 2017,Yellowstone National Park Winter Range,995,Bison,Bison bison,Bison bison,Winter 2005/2006,2066,0.41,,2.07638191,,,620,,,,,,,,,,,,,,Wild,,,,,,,,,,,,D,,,,,SWI,,TAN17YNP-P,YNP-P,2,POP
,Tallian 2017,Yellowstone National Park Winter Range,995,Elk,Cervus elaphus,Cervus elaphus,Winter 2005/2006,5045,,,5.070351759,,,240,,,,,,,,,,,,,,Wild,,,,,,,,,,,,D,,,,,SWI,,TAN17YNP-P,YNP-P,2,POP
,Tallian 2017,Yellowstone National Park Winter Range,995,Bison,Bison bison,Bison bison,Winter 2006/2007,1739,0.29,,1.747738693,,,620,,,,,,,,,,,,,,Wild,,,,,,,,,,,,D,,,,,SWI,,TAN17YNP-P,YNP-P,2,POP
,Tallian 2017,Yellowstone National Park Winter Range,995,Elk,Cervus elaphus,Cervus elaphus,Winter 2006/2007,5997,,,6.027135678,,,240,,,,,,,,,,,,,,Wild,,,,,,,,,,,,D,,,,,SWI,,TAN17YNP-P,YNP-P,2,POP
,Tallian 2017,Yellowstone National Park Winter Range,995,Bison,Bison bison,Bison bison,Winter 2007/2008,2071,0.56,,2.081407035,,,620,,,,,,,,,,0,,,,Wild,,,,,,,,,,,,D,,,,,SWI,,TAN17YNP-P,YNP-P,2,POP
,Tallian 2017,Yellowstone National Park Winter Range,995,Elk,Cervus elaphus,Cervus elaphus,Winter 2007/2008,3701,,,3.71959799,,,240,,,,,,,,,,1,,,,Wild,,,,,,,,,,,,D,,,,,SWI,,TAN17YNP-P,YNP-P,2,POP
,Tallian 2017,Yellowstone National Park Winter Range,995,Bison,Bison bison,Bison bison,Winter 2008/2009,1437,0.255,,1.444221106,,,620,,,,,,,,,,,,,,Wild,,,,,,,,,,,,D,,,,,SWI,,TAN17YNP-P,YNP-P,2,POP
,Tallian 2017,Yellowstone National Park Winter Range,995,Elk,Cervus elaphus,Cervus elaphus,Winter 2008/2009,5643,,,5.671356784,,,240,,,,,,,,,,,,,,Wild,,,,,,,,,,,,D,,,,,SWI,,TAN17YNP-P,YNP-P,2,POP
,Tallian 2017,Yellowstone National Park Winter Range,995,Bison,Bison bison,Bison bison,Winter 2009/2010,1665,0.421,,1.673366834,,,620,,,,,,,,,,,,,,Wild,,,,,,,,,,,,D,,,,,SWI,,TAN17YNP-P,YNP-P,2,POP
,Tallian 2017,Yellowstone National Park Winter Range,995,Elk,Cervus elaphus,Cervus elaphus,Winter 2009/2010,3959,,,3.978894472,,,240,,,,,,,,,,,,,,Wild,,,,,,,,,,,,D,,,,,SWI,,TAN17YNP-P,YNP-P,2,POP
,Tallian 2017,Yellowstone National Park Winter Range,995,Bison,Bison bison,Bison bison,Winter 2010/2011,2065,0.572,,2.075376884,,,620,,,,,,,,,,,,,,Wild,,,,,,,,,,,,D,,,,,SWI,,TAN17YNP-P,YNP-P,2,POP
,Tallian 2017,Yellowstone National Park Winter Range,995,Elk,Cervus elaphus,Cervus elaphus,Winter 2010/2011,3609,,,3.627135678,,,240,,,,,,,,,,,,,,Wild,,,,,,,,,,,,D,,,,,SWI,,TAN17YNP-P,YNP-P,2,POP
,Tallian 2017,Yellowstone National Park Winter Range,995,Bison,Bison bison,Bison bison,Winter 2011/2012,2242,1.105,,2.253266332,,,620,,,,,,,,,,,,,,Wild,,,,,,,,,,,,D,,,,,SWI,,TAN17YNP-P,YNP-P,2,POP
,Tallian 2017,Yellowstone National Park Winter Range,995,Elk,Cervus elaphus,Cervus elaphus,Winter 2011/2012,2029,,,2.03919598,,,240,,,,,,,,,,,,,,Wild,,,,,,,,,,,,D,,,,,SWI,,TAN17YNP-P,YNP-P,2,POP
,Tallian 2017,Yellowstone National Park Winter Range,995,Bison,Bison bison,Bison bison,Winter 2012/2013,2652,1.673,,2.665326633,,,620,,,,,,,,,,,,,,Wild,,,,,,,,,,,,D,,,,,SWI,,TAN17YNP-P,YNP-P,2,POP
,Tallian 2017,Yellowstone National Park Winter Range,995,Elk,Cervus elaphus,Cervus elaphus,Winter 2012/2013,1585,,,1.592964824,,,240,,,,,,,,,,,,,,Wild,,,,,,,,,,,,D,,,,,SWI,,TAN17YNP-P,YNP-P,2,POP
,Tallian 2017,Yellowstone National Park Winter Range,995,Bison,Bison bison,Bison bison,Winter 2013/2014,2916,1.868,,2.930653266,,,620,,,,,,,,,,,,,,Wild,,,,,,,,,,,,D,,,,,SWI,,TAN17YNP-P,YNP-P,2,POP
,Tallian 2017,Yellowstone National Park Winter Range,995,Elk,Cervus elaphus,Cervus elaphus,Winter 2013/2014,1561,,,1.568844221,,,240,,,,,,,,,,,,,,Wild,,,,,,,,,,,,D,,,,,SWI,,TAN17YNP-P,YNP-P,2,POP
,Tallian 2017,Yellowstone National Park Winter Range,995,Bison,Bison bison,Bison bison,Winter 2014/2015,2164,1.168,,2.174874372,,,620,,,,,,,,,,,,,,Wild,,,,,,,,,,,,D,,,,,SWI,,TAN17YNP-P,YNP-P,2,POP
,Tallian 2017,Yellowstone National Park Winter Range,995,Elk,Cervus elaphus,Cervus elaphus,Winter 2014/2015,1853,,,1.862311558,,,240,,,,,,,,,,,,,,Wild,,,,,,,,,,,,D,,,,,SWI,,TAN17YNP-P,YNP-P,2,POP
,Zabihi-Seissan 2022,Riding Mountain National Park,3000,Elk,Cervus canadensis,Cervus elaphus canadensis,Jan-April 2016-2017,1200,,,0.4,,,240,,,,,,,104,22,,,,,,Wild,,,More social than moose and aggregate in  larger groups ,,,,5.25,,,,,P-2-2,AS,MWI,2,RAD,MWI,2,ZAN22RDM,RDM,3,POP
,Zabihi-Seissan 2022,Riding Mountain National Park,3000,Moose,Alces alces,Alces alces,Jan-April 2016-2017,2300,,,0.77,,,481,,,,,,,104,59,,,,,,Wild,,,,,,,5.25,,,,,P-2-2,AS,MWI,2,RAD,MWI,2,ZAN22RDM,RDM,3,POP
,Zabihi-Seissan 2022,Riding Mountain National Park,3000,White tailed deer,Odocoileus virginianus,Odocoileus virginianus,Jan-April 2016-2017,750,,,0.25,,,75,,,,,,,104,20,,,,,,Wild,,,,,,,5.25,,,,,P-2-2,AS,MWI,2,RAD,MWI,2,ZAN22RDM,RDM,3,POP