Notes,Paper_ID,Study_Area,Area_Code,Study_Code,Center_Long,Center_Lat,Coor_Given,Study_Start,Study_End,Study_Region,Study Country,Eco_Code_Olson,Realm_Olson,Biome_Olson,Bioregion_Olson,Suprarealm_OneEarth,Realm_OneEarth,Subrealm_OneEarth,Bioregion_OneEarth,Ecoregion_OneEarth,Protected_Area,Avg_Temp_Ann,Avg_Temp_Min,Avg_Temp_Max,Avg_Precipitation,Avg_Rainfall,Avg_Snow,Snow_Period,Elev_Min,Elev_Max,Elev_Range,Area ,Range_Wolf_Dens,Avg_Wolf_Dens,n_Wolves,n_Packs,Range_Pack_Size,Avg_Pack_Size,Wolf_Notes,Livestock_Notes,Wild_Ung_Avail_n,Wild_Ung_Avail_Name,Beaver_Avail,Paper_Pred_Tot_n,Bio_Pred_Tot_n,Pred_Larger_n,Pred_Larger_Name,Pred_Smaller_n,Pred_Smaller_Name,HFI,Productivity
"""The main part of the study area is a military training area of about 145 km2, including 100 km2 of forest."" ""former opencast coal mines of large dimensions belong to the wolves´ present home range.""  possible SP and SA overlap with Wagner 2012. WIld game abundant in area. High number of wild ungulates.",Ansorge 2006,Lusatian heath - Muskau heath,LUH-M,ANE06LUH-M,14.7416,51.44736,None given ,2001,2003,Northeastern Saxony,Germany,PA0412,PA,4,PA04,PA,WEE,GEM,PA12,654,"""Here, the wolves are safe from permanent human disturbance""",,,,,,,,,,,400,0.01-0.0275,,4-11,1 (studied),4-11,,"Rare but regular immigration of wolves from Poland into Germany after WW2. Wolves legally protected in 1990. Occasional occurrence for a few years, then first pair formed in 1998, with successful breeding by 2000. Areas adjacent to Muskau heath only occasionally visited by wolves. ""The Muskau Heath is exactly the area where, in ca. 1800, the wolves still lived while extirpated from the rest of Saxony (Winkelmann 1996)."" Prefer open landscape for hunting. Raised between 2-5 pups each year during the study.  The 2000 pups left natal territory in 2002,mand settled in the western portion of study area, then later split up with only 1-2 wolves remaining in that area. Pups from 2001 left but don't know where to (or when). If 2000's pups left in 2002, then in 2001 there wouldve been either 8-11 wolves total? Min 2 pups therefore min # of wolves would be 4.",6500 sheep in study area that graze in the summer months. almost all are grazed within twoo layers of electric fences 24 hours a day. A few livestock attacks have been reported. Cattle also present.,4,"Red deer (Cervus elaphus), roe deer (Capreolus capreolus), wild boar (Sus scrofa), mouflon (Ovis ammon musimon)",,,,,,,Fox (Vulpes vulpes),,
elk were primary prey for wolves and mule deer were primary prey for cougars,Atwood 2007,Northern Madison Study Area (NMSA),NMS,ATD07NMS,-111.42069,45.51488,,2003,2005,Montana,USA,NA0528,NA,5,NA05,NA,NOA,AMW,NA13,367,Privately owned,,-34,32,,,,,1300,2500,1300-2500,680,0.0029-0.0118,0.007352941176,2-8,1,2-8,5,Recolonized study area in winter 2002. Bear trap pack averaged 5 wolves (range: 2-8),Not mentioned so presumably none,4,"elk (Cervus elaphus), mule deer (Odocoileus hemionus), white-tailed deer (Odocoileus virginianus), and moose (Alces alces)",,4,,3,"grizzly bears (Ursus arctos horribilis), black bears (Ursus americanus), cougars",1,"coyotes (Canis latrans),",,
Snow ranges from almost zero to several meters deep. Western Arctic Caribous Herd (WACH) is mostly migratory. Spring migration though study area to calving grounds and autumn migration out of area to the south.,Ballard 1997,Northwest Alaska,NWA,BAD97NWA,-157.77654,66.76391,,1987,1992,Alaska,USA,NA0607,NA,6,NA06,NA,SUA,ALA,NA4,416,Game management unit 23,,-51 (-34 for non extreme),32 (summer avg was 16),"60-80 in lowlands, <or= 120 in uplands",,~0-400,,,1231,near sea level - 1231,12280,0.0015-0.0044,,,19,,9.7,"Estimated wolf density was 12.9/1000km^2 in 1977. ""Spring wolf densities increased from 2.7 to 4.4 wolves/1,000 km2 during 1987 through 1990, and then declined to 1.5 wolves/1000km2 following a rabies epizootic"". Harvested yearly by hunters and game officials. Radio collared 86 wolves in 19 packs and relocated them on 1,830 occasions. Usually resident packs. Average winter territory size was 1372  +/- 175 km^2. Some packs followed caribou herds when moose densities were low. Average spring wolf weights in kg: Adult M=47.3, Adult F= 42.2, Yearling M= 46.2, Yearling F= 41.9, Pup M= 44.6, Pup F= 37.5 (for standard errors see table 1)",,4,"Caribou, moose (Alces alces), Dall sheep (Ovis dalli), muskox (Ovibos moschatus)",Yes,5,,2,"Brown bear (Ursus arctos), black bear (U. americanus)",3,"Red fox (Vulpes vulpes), wolverine (Gulo gulo), lynx (Felis lynx)",,
has habitaat type descriptions but not quantitative,Barja 2009,Macizo Central Ourensano,MCO,BAA09MCO,-7.32698,42.14514,,1998,2002,Iberian Peninsula,Spain ,PA0406,PA,4,PA04,PA,WEE,GEM,PA10,648,Includes a natural park,,2.6,21,,1185,,frequent between Nov-April,850,1707,850-1707,120,,,,,,,"have pups (and thus high energy needs) in spring and summer. ""The trophic position of the wolf in the study area is closer to a facultative specialist than to an opportunist species, because a facultative specialist may change from a key food item when other profitable prey is available (Glasser 1982).""","Present. Horses, cattle, goat, sheep",5,"Roe deer, red deer, wild boar, fallow deer, mouflon",,,,,,,,,
,Becker 2008,Yellowstone National Park Madison Headwaters area,YNP-M,BER08YNP-M,-110.85758,44.70225,,1996,2007,YNP,USA,NA0528,NA,5,NA05,NA,NOA,AMW,NA13,367,,,,,,,,,,,,310,,,37 (or more),4,,,37 wolves from 4 packs radiocollared over study period,,,,,,,,,,,,
"Albertan wolves reported to be ""somewhat larger than those in southern Ontario and Minenesota"". 1500-2300 cattle graze within the study area between May-October",Bjorge 1989,Simonette River,SNR,BJE89SNR,-117.82636,54.83433,roughly' 54°50'N 117°30'W,1976,1981,Alberta,Canada,NA0802,NA,8,NA08,NA,SUA,CBF,NA8,376,,,-13.5 (mean december),16 (mean july),,,98,"""60-85 frost free days""",670,760,670-760,2000,see note,see note,"14-15 in 1975, 40 in 1979, 13 in 1980/81","3 (winter 1975/76), 6 (winter 1978/79)",2-12,6,"There is significantly more wolf data than what is noted here, check paper for more. wolf density was 1 wolf per 92km^2 (14-15 wolves) in winter 1975 and one wolf per 42 km^2 (40 wolves) in 1979 (the population high), then goverment decided to control wolves and population droped to 13 wolves in 1980/81. 12% of wolves were lone wolves. mean summer territory size was 233km2 (range: 100-276) and mean winter was 424km2 (range: 198-572). Mean wolf pop increase between late winter-summer was 60%, mean winter pop loss was 30%. Min consumption rate for one pack over 51 days in winter was 0.12kg/kg wolf/day. # wolf packs with more than two wolves increased from 3 in winter 1975/76 to 6 in  winter 1978-1979. Mean midwinter pack size was 6, range 2-12. Mean 12% of wolf pop were lone wolves. Government wolf control conducted during late winter 1979-80. 6 is mean pack size. number of packs was 3-6, total number of wolves ranged from 13-40. ",,4,"Moose, Elk, Mule deer, white-tailed deer",Yes,2,,1,Black bear (Ursus americanus),1,Coyote (Canis latrans),,
Ibex is the only wild ungulate in the study area. Lack of marmots. Pikas and partridge like birds common,Bocci 2017,Hushey valley,HSV,BOI17HSV,76.38915,35.52601,"76° 20′ E to 35° 27′ N (town of Hushe, not center of study area)",2011,2012,Central Karakoram National Park,Pakistan,PA1006,PA,10,PA10,PA,EAE,TIP,PA41,754,"yes, livestock still graze their and 150 households (1200 humans)",,,,,,,Dec-May,3000,5000,3000-5000,4000,,,,,,,"descend to lower altitudes ((<3000m asl) where the livestock is) from December-May (the study period) . group-living. use less steep and less rugged terrain, not cliffs. listed as ‘endangered’ in the red list of Pakistan Mammals. altitudinal range of at least 1000m asl to over 5000m asl. Greater flexibility whem it comes to habitat use and use of local ressources. 'least concern' species. ecologically flexible",Abundant. See prey notes in sheet 4 for details,1,Ibex (Capra ibex),No,3,,1,Snow leopard (Panthera unica),2,"Red fox (Vulpes vulpes), Corsac fox (Vulpes corsac)",,
"Upper elevation limit may be of adjacent area, not study area. Domestic livestock were rare in area (50 horses present in winter, no sheep or cattle)",Boyd 1994,North Fork Flathead River Glacier National Park,NFF,BOD94NFF,-114.30496,48.85032,None given ,1984,1991,British Columbia and Montana,Canada and USA,NA0518,NA,5,NA05,NA,NOA,AMW,NA13,361,No but adjacent to Glacier National Park,,,,,,"Annual sum of maximum snow depths were ""used to classify winters as shallow-snow or deep-snow, with the distinction point at 300 cm. Winters 1985-86, 1986-87, 1987-88, and 1988-89 were shallow-snow (range =150-277, x = 223.5, SD = 47.3). Winters 1989-90 and 1990-91 were deep-snow (range = 320-325, x = 322.5, SD = 2.5)""",Nov-Apr,1020,2800,1020-2800,None given ,,,"6 (W 1984/5), 12 (W 1985/6), 10(W 19856/7), 10 (W 1987/8), 12 (W 1988/9), 7 (W 1989/90), 18 (Winter 1990/1)","1 (Winters 1984/5-1989/90), 3 (Winter 1990/1)",2-12,"10 (Winters 1984/5-1989/90), 6 (Winter 1990/1)","wolves were reduced in BC and AB and extirpated from the GNP and surrounding areas by late 1930s. Began to recolonize area in 1982 after being listed as an endagered species in 1973 in the US. 31 radiocollared wolves from Aug 1984-July 1991. ""The wolf pack consisted of 6, 12, 10, 10, 12, and 7 wolves in the early winters of 1984-85 to 1989-90, respectively. In summer 1990, the pack split into 3 packs containing 9, 7, and 2 wolves, dividing the former home range into thirds. We followed all 3 packs during winter 1990-91.""",Domestic livestock very rare: only 50 horses and only in winter,4,"White-tailed deer (Odocoileus virginianus), mule deer (Odocoileus hemionus), elk (Cervus elaphus), and moose (Alces alces)",Yes,5,,3,"mountain lions (Felis concolor), black bears (Ursus americanus), and grizzly bears (Ursus arctos)",2,Wolverine (Gulo gulo) and coyotes (Canis latrans),,
Hare and porcupine also present. ,Capitani 2004,Pratomagno,PRA,CAI04PRA,11.61188,43.67635,None given ,1999,2000,Homonym massif of Appenines towars Arezzo plains,Italy,PA1211,PA,12,PA12,PA,WEE,MED,PA19,795,Half is a natural reserve,,,,,,,Winters characterized by snowfall and snow melting (Snow stays less than 50 days per winter),300,1600,300-1600,110,,,,,,5,Early winter pack size was 5 (based on howling surveys and snow tracking),"Cattle and horses free range from June-Sept, sheeps and goats present year-round at low altitudes.",3,"Wild boar (Sus scrofa), Roe deer (Capreolus capreolus), Fallow deer (Dama dama)",No,,,,,,,,
Small mammals common. ,Capitani 2004,Cecina Valley,CCV,CAI04CCV,10.65664,43.238,None given ,2000,2001,Thyrrenian coast,Italy,PA1211,PA,12,PA12,PA,WEE,MED,PA19,795,,,,,,,,Rare,100,600,100-600,25,,,,,4-5,,Early winter pack size was 4-5 (based on howling surveys and snow tracking),Sheep and goats present in open areas throughout the year. A few large herds of horses and cattle present near farms and villages in small numbers. Local climate allows livestock to be grazed on pasture year round.,4,"Wild boar (Sus scrofa), Roe deer (Capreolus capreolus), Fallow deer (Dama dama), Mouflon (Ovis ammmon musimon)",No,,,,,,,,
Audy Lake pack territory. 1977-78 was a mild winter while 1978-79 was a severe winter,Carbyn 1983,Riding Mountain - Audy Lake,RDM-A,CAN83RDM-A,-100.21596,50.76058,None given ,1977,1977,Manitoba,Canada,NA0608,NA,6,NA06,NA,SUA,CBF,NA8,376,no hunting allowed in park but hunters frequently harvest along park boundaries,,,,,,44 (also has it by month),Oct or Nov-Apr,,,,268,,,3-5,1,,3-5,partially exploited wolf population.  Three wolves (all pups or young of year) from the Audy Lake (AL) pack were captured. Until 10 November the pack consisted of 5 wolves. Thereafter it remained 3 (1 adult of each sex and a pup). ,No mention,3,"Moose (Alces alces), Deer, Elk (Cervus elaphus)",Yes,,,,,,,,
Baldy Lake pack territory. 1977-78 was a mild winter while 1978-79 was a severe winter,Carbyn 1983,Riding Mountain - Baldy Lake,RDM-B,CAN83RDM-B,-100.40607,50.78831,None given ,1977,1979,Manitoba,Canada,NA0608,NA,6,NA06,NA,SUA,CBF,NA8,376,no hunting allowed in park but hunters frequently harvest along park boundaries,,,,,,65 (also has it by month),Oct or Nov-Apr,,,,290,,,5-8,1,,5-8,Average wolf weight = 32.7kg (no details on mass). partially exploited wolf population. Territory size was 290 km^2. Early winter pack size was 8 and then reduced to 5 after Dec 12,No mention,3,"Moose (Alces alces), Deer, Elk (Cervus elaphus)",Yes,,,,,,,,
"53% cultivated land, 20% wetlands, 10% brushlands, 10% forests (deciduous and coniferous), 7% pasture and grasslands. Study area consists of Agassiz National Wildlife Refuge and three adjoining state wildlife management areas (Elm Lake, Eckvoll and Mudlac Wildlife Management Areas) and the surrounding agricultual land. The 2 consecutive winter  before the study were severe, possibly one of the reasons why the deer and moose pops were declining.",Chavez 2005,Agassiz,AGZ,CHZ05AGZ,-95.95740,48.32791,"48˚19'N, 95˚59'W",1997,1999,Minnesota,USA,NA0812,NA,8,NA08,NA,NOA,GRP,NA12,397,Some? unclear,,,,,,,Continuous from late Nov-April,,,,1200,,,,,,,Wolf population has persisted in area since early 1980's and there is a nearby population source of dispersing wolves. Part of the Eastern Timber Wolf Recovery Project?,Cattle and pig farms in non-wildlife reserve areas. Only one pig farm and pigs only available as carcasses through the farms carcass dump,2,"Moose (Alces alces), White-tailed deer (Odocoileus virginianus)",Yes,,,,,,Red fox (Vulpes vulpes),,
"Snow average is either <200 or <100, depending on if snow does (<100) or doesn't (<200) count as rainfall",Chetri 2017,Central Himalayas,CHM,CHI17CHM,84.17037,28.87849,"28˚0'0""-29˚20'00""N, 83°20'00""-85˚20'00""E",2012,2013,Annapurna-Manaslu landscape,Nepal,PA1003,PA,10,PA10,PA,EAE,TIP,PA41,751,"""Conservation area""",,-40,30,,<200,see comments,Nov-Mar,,,,5000,,,,,,,Very rare. Ecological info is practically non-existent according to author.,abundant,,,No,6,,2,"Snow leopard, Brown bear",4,"Eurasian lynx (Lynx lynx), Red fox (Vulpes vulpes), Tibetan fox (Vulpes ferrilata) and golden jackal (Canis aureus)",,
,Davis 2012,Alpe di Catenaia,ADC,DAS12ADC,11.92535,43.6334,"43°48'N, 11°49'E",2000,2008,Arezzo province,Italy,PA0401,PA,4,PA04,PA,WEE,MED,PA19,644,27 km2 area within site is protected (hunting is banned),,,,,,,Oct-Apr,300,1414,300-1414,120,0.025-0.05,,3-6,1,3-6,,"confirmed using DNA from scats, snow tracking and wolf-howling surveys",a number of (mostly) sheep farms surrounding the study area,2-3,"Roe deer (Capreolus capreolus), Wild boar (Sus scrofa), Red deer (Cervus elaphus) (occasionally recorded only after 2007)",No,,,,,,,,
"""Relatively well-preserved habitats and low anthropogenic pressure"". No Africn swine fever cases recorded in the mountain yet ",Dolapchiev 2022,Osogovo Mountain,OOM,DOV22OOM,22.70166,42.18031,None given ,2018,2020,southwest Bulgaria,Bulgaria,PA0404,PA,4,PA04,PA,WEE,EMF,PA15,646,"""protected border area"" unclear in legal environment protections. Year round hunting",,,,,,,,,,,650,0.02-0.06,0.03333333333,12,2,4-8,6,"Wolf has always been present in the mountain. Two small wolf packs in 2016 and 2018, one with 4 individuals each, one with eight. Wolf density was 0.02 in 2018, 0.02 in 2019, and 0.06 in 2020 (based on REM). the larger pack persisted to 2020 and beyond . ",domestic horses are all thats mentioned,2,"Roe deer, wild boar",Not mentioned,2,,1,Brown bear (Ursus arctos),1,Eurasian (Lynx lynx),,
"50.2% scrubwood, pine wood 8.4%, abandoned olive groves and pastures(partially re-colonized by wodd and bushes) 9.2%, set-aside grassland 3.9%, marshland/wetlands 3.8%, crops (mainly cereals and sunflower) 24.4%. ""among carnivores, the red fox Vulpes vulpes, the Eurasian badger Meles meles, the wildcat Felis silvestris, the stone marten Martes foina and the pine marten Martes martes."" ""rich community of meso-mammals (8 species among rodents, lagomorphs and carnivores)""",Ferretti 2019,Uccellina Hills,UCH,FEI19UCH,11.09642,42.63257,"42°39’N, 11°05’E",2016,2018,Thyrrenian coast,Italy,PA1211,PA,12,PA12,PA,WEE,MED,PA19,795,yes - extent not clear,,,,,,,,,417,max 417,70,,,,1,,,"a pack settled in area in 2015, a second pack settled north of the ombrone river in 2017 (may visit north portion of study area)","3 wild ungulates: 2 livestock. Free ranging cattle and horses, locally and irregularly moved through pastures and some pine/scrubwood",3,"Roe deer, wild boar, fallow deer",No,1,,0,NA,1,Red fox (Vulpes vulpes),,
SA saw recent increases in wild ungulate densities,Figueiredo 2020,Montesinho Natural Park,MNP,FIO20MNP,-6.66661,41.87983,"6˚30’-7˚12’W, 41˚43’-41˚ 59’N",2017,2019,North-east Portugal,Portugal,PA1216,PA,12,PA12,PA,WEE,MED,PA20,800,Natural park,,3,21,600-1500,,0,,438,1481,438-1481,350,,,,,,,"Drastic decline in range and numbers led to legal protectionin the 1980's and are now recovering. Wolf is the only top predator in the area, so they believe that wild ungulate presence in the diet is reflective of wolf kills and not of scavenging.","Cattle, sheep, goats, and pigs. Mostly sheep. See prey notes in sheet 4 for detai,s",3,"Red deer, Roe deer, Wild boar",No,1?,,0,N/A,1?,"Red fox (Vulpes vulpes) mentioned, Domestic/wild cat is mentioned in diet analysis as a category but no scientific name was given so unsure if they mean feral or an actual wild cat species",,
,Forbes 1996,Algonquin Park A,AGP-A,FOS96AGP-A,-78.67056,45.95073,None given ,1987,1992,Ontario,Canada,NA0406,NA,4,NA04,NA,NOA,NAF,NA11,333,Provincial park,,,,,,,,,,,1964,,0.038,,,,,"15 wolf packs across the 3 regions. average wolf density over 5 years = 0.038/km^2. Average pack size was not significantly different between regions. Algonquin wolf is one of the smallest subspecies of gray wolf (average male= 29 kg (authors unpublished data) and ""significanlly smaller than other wolves in the Great Lakes region"". ""extraterritorial movement was not recorded, possibly because a migratory deer population was not present to draw wolves beyond established territories."" Declines in wolf numbers between 1960-1970s, possibly due to deer decline but wolf mortality was also high at this time.",None mentioned,2,"Moose (Alces alces), white-tailed deer (Odocoileus virginianus)","Yes - ""common and widespread""",,,,,,,,
,Forbes 1996,Algonquin Park B,AGP-B,FOS96AGP-B,-78.41339,45.52724,None given ,1987,1992,Ontario,Canada,NA0406,NA,4,NA04,NA,NOA,NAF,NA11,333,Provincial park,,,,,,,,,,,1630,,0.04,,,,,"15 wolf packs across the 3 regions. average wolf density over 5 years = 0.040/km^2. Average pack size was not significantly different between regions. Algonquin wolf is one of the smallest subspecies of gray wolf (average male= 29 kg (authors unpublished data) and ""significanlly smaller than other wolves in the Great Lakes region"". Declines in wolf numbers between 1960-1970s, possibly due to deer decline but wolf mortality was also high at this time.",None mentioned,2,"Moose (Alces alces), white-tailed deer (Odocoileus virginianus)","Yes - ""common and widespread""",,,,,,,,
,Forbes 1996,Algonquin Park C,AGP-C,FOS96AGP-C,-77.97128,45.8731,None given ,1987,1992,Ontario,Canada,NA0406,NA,4,NA04,NA,NOA,NAF,NA11,333,Provincial park,,,,,,,,,,,2869,,0.052,,,,,"15 wolf packs across the 3 regions. average wolf density over 5 years = 0.052/km^2. Average pack size was not significantly different between regions. ""Algonquin wolf is one of the smallest subspecies of gray wolf (average male= 29 kg (authors unpublished data) and ""significanlly smaller than other wolves in the Great Lakes region"". ""In 1990-1991 and 1991 -1992, 8 of the 10 region C wolf packs (80 % ) spent extended periods, ranging from several days to months, outside of natal territories (Forbes and Theberge 1995). This wolf movement was related to the seasonal emigration of park deer to a deer yard located 15 km from the park."" Declines in wolf numbers between 1960-1970s, possibly due to deer decline but wolf mortality was also high at this time.",None mentioned,2,"Moose (Alces alces), white-tailed deer (Odocoileus virginianus)","Yes - ""common and widespread""",,,,,,,,
"All wild cervids except chamois were extirpated from area during WW2 . Reintroduced in 1962 and sufficiently restored to allow hunting again in 1985. Livestock present, flocks of sheep and goats and herds of cows free range",Gazzola 2007,Alta Valle di Susa,AVS,GAA07AVS,6.85121,45.06231,"45°05'N, 7°00'E",2000,2003,Turin Province,Italy,PA0501,PA,5,PA05,PA,WEE,EMF,PA13,689,,,,,,,,Oct/Nov-Apr/May,800,3300,800-3300,523,,,7-15,2,,,"Number of wolves ranged 7-15 (1.7–2.9 wolves/100 km2). Legal protection since 1972, after wolves nearly extirpated from area. 2 packs verified in area during study period: Gran Bosco pack and Bardonecchia pack. Snow tracking and howling techniques to evaluate wolf status, highest number of wolves per pack recorded was the value used for that season.",,6,"Chamois (Rupicapra rupicapra), roe deer (Capreolus capreolus), red deer (Cervus elaphus), wild boar (Sus scrofa), alpine ibex (Capra ibex) and moufflon (Ovis orientalis musimon).",,,,,,,,,
"Has % of area of different cover types (shrub, deciduous, pasture, mixed forest, etc). Given that 3 scats were geneticlaly ID'd to red fox, they must be present in at least one study area. ",Guimarães 2022,Pol'ana Protected Landscape Area (Pol’ana PLA),PAP,GUS22PAP,19.45096,48.65851,"N48˚40’, E19˚28’",2015,2017,Carpathian Mountains,Slovakia,PA0504,PA,5,PA05,PA,WEE,EMF,PA14,692,yes - restricted agriculture and forestry activities,6.9,-3,18.3,,1120,>20 (over 50.5% of area),,338,1458,338-1458,425,,,,,,,"Generalist-opportunistic predator, diverse and adaptable feeding strategies. Carpatian mountains are one of the largest wolf refuge areas in europe. Heavy persecution until 1975, still hunted until it became legally protected in 2021. Evidence of resident packs, but no reliable estimate of wolf density or pack data.","Extensive grazing by highly abundant sheep, cattle, and goat. highest livestock density of the four areas",3,"Red deer, Roe deer, Wild boar",No,2,,1,Brown bear (Ursus arctos),1,Eurasian lynx (Lynx lynx),,
"Has % of area of different cover types (shrub, deciduous, pasture, mixed forest, etc). Given that 3 scats were geneticlaly ID'd to red fox, they must be present in at least one study area.",Guimarães 2022,Vepor Mountains,VPM,GUS22VPM,19.72421,48.63639,"N48˚38’, E19˚44’",2015,2017,Carpathian Mountains,Slovakia,PA0504,PA,5,PA05,PA,WEE,EMF,PA14,692,no - exploited for agriculture and forestry,7,-3,18,,1112,> 20 (over 44.7% of area),,338,1322,338-1322,225,,,,,,,"Generalist-opportunistic predator, diverse and adaptable feeding strategies. Carpatian mountains are one of the largest wolf refuge areas in europe. Heavy persecution until 1975, still hunted until it became legally protected in 2021. Evidence of resident packs, but no reliable estimate of wolf density or pack data.","Extensive grazing by highly abundant sheep, cattle, and goat",3,"Red deer, Roe deer, Wild boar",No,2,,1,Brown bear (Ursus arctos),1,Eurasian lynx (Lynx lynx),,
"Has % of area of different cover types (shrub, deciduous, pasture, mixed forest, etc). Given that 3 scats were geneticlaly ID'd to red fox, they must be present in at least one study area. ",Guimarães 2022,Muráň Plateau National Park (Muráň Plateau NP),MRP,GUS22MRP,19.99116,48.7369,"N48˚45’, E20˚0’",2015,2017,Carpathian Mountains,Slovakia,PA0504,PA,5,PA05,PA,WEE,EMF,PA14,692,yes - restricted agriculture and forestry activities,6.7,-3.7,17.5,,965,> 20 (over 48% of area),,335,1439,335-1439,600,,,,,,,"Generalist-opportunistic predator, diverse and adaptable feeding strategies. Carpatian mountains are one of the largest wolf refuge areas in europe. Heavy persecution until 1975, still hunted until it became legally protected in 2021. Evidence of resident packs, but no reliable estimate of wolf density or pack data.","Extensive grazing by highly abundant sheep, cattle, and goat",3,"Red deer, Roe deer, Wild boar",Yes - occasional,2,,1,Brown bear (Ursus arctos),1,Eurasian lynx (Lynx lynx),,
"Has % of area of different cover types (shrub, deciduous, pasture, mixed forest, etc). Given that 3 scats were geneticlaly ID'd to red fox, they must be present in at least one study area.",Guimarães 2022,Poloniny National Park (Poloniny NP),PNP,GUS22PNP,22.27232,49.07672,"N49˚06’, E 22˚17'",2015,2017,Carpathian Mountains,Slovakia,PA0504,PA,5,PA05,PA,WEE,EMF,PA14,692,yes - minimal agriculture and forestry activities,7,-3.4,18,,725,> 20 (over 42.2% of area),,338,1150,338-1150,125,,,,,,,"Generalist-opportunistic predator, diverse and adaptable feeding strategies. Carpatian mountains are one of the largest wolf refuge areas in europe. Heavy persecution until 1975, still hunted until it became legally protected in 2021. Evidence of resident packs, but no reliable estimate of wolf density or pack data.",Restricted agricultural activities but cattle sheep and goats still abundant and grazing. lowest livestock densities of the four areas,4,"Red deer, Roe deer, Wild boar, European bison (Bison bonasus)",Yes - steady,2,,1,Brown bear (Ursus arctos),1,Eurasian lynx (Lynx lynx),,
area is 23000 but 17250 moose habitable,Hayes 2000,Finlayson Lake,FLL,HAS00FLL,-130.23688,61.68409,"62°N, 128°W (not center)",1990,1994,Yukon,Canada,NA0613,NA,6,NA06,NA,SUA,CBF,NA6,380,,,,,,,,,,,,23000,,,,21,2-20,,"21 wolf packs studied, ranging from 2-20 wolves per pack. see apendix table 2A for details. See 'Predation rate by wolves on moose' for number of moose killed by different pack sizes ",,,,,,,,,,,,
,Hebblewhite 2003,Bow Valley of Banff National Park (Bow Valley BNP),BVB,HEE03BVB,-115.76125,51.33687,None given ,1986,2000,Alberta,Canada,NA0501,NA,5,NA05,NA,NOA,AMW,NA13,361,,,,,,,,,,,,3000,,,,,,,,,,,,,,,,,,,
,Hosseini-Zavarei 2013,Ghamishlou,GHA,HOI13GHA,51.24568,32.85611,"33°02′ 32°43′N, 50°52′ 51°28′E",2007,2009,West central Iran,Iran,PA0446,PA,4,PA04,PA,CEE,PDF,PA27,688,300 km^2 is protected and it is illegal to graze cattle there,11.5,,,188,,,,1700,2700,1700-2700,1130,,,,,,,Population experiences heavy illegal persecution largely as a result of livestock depredation,,3,"Esfahan wild sheep (Ovis orientalis), Persian gazelle (Gazella subgutturosa), Persian wild goats (Capra aegagrus)",No,3,,1,Stripped hyena (Hyaena hyaena),2,"Golden jackal (Canis aureus), common fox (Vulpes vulpes)",,
,Hoy 2021,Isle Royale (IR),ILR,HOY21ILR,-88.88337,47.98855,,1959,2007,Lake Superior,USA,NA0416,NA,4,NA04,NA,NOA,NAF,NA11,344,,,,,,,,,,,,544,,,,,,,"Wolf abundance fluctuated between 12-50, mean pack size 8",,,,,,,,,,,,
For sheet 9 only,Hoy 2021,Yellowstone National Park-Northern Range,YNP-N,HOY21YNP-N,-110.40051,44.92527,,1998,2009,,USA,NA0528,NA,5,NA05,NA,NOA,AMW,NA13,367,,,,,,,,,,,,995,,,,,,,"Wolf abundance fluctuated between 40-106 wolves, mean pack size 10-11.",,,,,,,,,,,,
,Huggard 1993,Bow Valley of Banff National Park (Bow Valley BNP),BVB,HUD93BVB,-115.96621,51.28912,,1988,1990,Alberta,Canada,NA0501,NA,5,NA05,NA,NOA,AMW,NA13,361,,,,,,,,,,,,220,,,,,,,,,,,,,,,,,,,
"does not list other predator, only know cougar because it was also a study animal. 23000 but 17250 moose habitable",Husseman 2003,Salmon River Mountains,SRM,HUN03SRM,-114.19136,45.14426,"46°N, 114°W",1999,2001,Idaho,USA,NA0528,NA,5,NA05,NA,NOA,AMW,NA13,367,,,,,,,,"Oct-Apr, as late as May/June at higher elevations",,,,23000,,,unclear,2-4,7-11,,"Two wolf packs were monitored via aerial and ground-based telemetry. Wolf pack sizes ranged from 7–11 animals, with the exception of the winter of 2000, when one of the two packs was reduced to two individuals. During 2001, in addition to the resident wolf packs, we monitored 2 groups of dispersing wolves consisting of 1–2 animals from nearby and resident packs",,4,"elk (Cervus elaphus), mule deer (Odocoileus hemionus), small number of bighorn sheep (Ovis canadensis) and mountain goats (Oreamnos americana) ",,just cougars?,,,,,,,
,Imbert 2016,Liguria Region,LGR,IMT16LGR,8.70638,44.26849,"44°30′16″, 8°24′10″",2008,2013,Italy,Italy,PA1211,PA,12,PA12,PA,WEE,MED,PA19,795,,,,,,,,,,,,5343,,,,,,,,,,,,,,,,,,,
"""small variety of potential prey, the almost total absence of competition from other predators"". Should the feral horse be considered wild? paper says they've been there since the pleistocene. They are considered semi-feral by management but this is heavily disputed.",Janeiro-Otero 2022,Serra do Cando,SCO,JAO22SCO,-8.37799,42.46408,,2017,2019,"Galicia, NW Spain",Spain,PA0406,PA,4,PA04,PA,WEE,GEM,PA10,648,"""Site of Community Importance and Special Conservation Area under the European Union’s Habitats Directive (92/43/EEC)""",13,3,23,,"""abundant""",Not given - likely none,Not given - likely none,,1000,"712 = average, 1000=max",54.58,,,,1 (studied)?,,,"Legally protected. Galicia is an important area for wolves, and they have persisted there at a steady population level for the past 200 years. In 2014 there was 84 packs or 2.8 packs per 1000 km2. They say that they only got scats from one wolf pack per area but no info on the specific wolf packs or how they not it was a single wolf pack was given.","Galician feral horses disputed wether they are feral/wild or just loosely domestic. ""The livestock density on agricultural land outside the forest is medium in comparison to the other two study areas""",3,"Galician feral horse (Equus ferus atlanticus), Roe deer (Capreolus capreolus), Wild boar (Sus scrofa)",,,,,,,,,
"""small variety of potential prey, the almost total absence of competition from other predators"".",Janeiro-Otero 2022,Serra do Candán,SCN,JAO22SCN,-8.23981,42.57278,,2017,2019,"Galicia, NW Spain",Spain,PA0406,PA,4,PA04,PA,WEE,GEM,PA10,648,"""Site of Community Importance and Special Conservation Area under the European Union’s Habitats Directive (92/43/EEC)""",,,,,"""abundant""",Not given - likely none,Not given - likely none,,1017,"750 = average, 1017=max",106.83,,,,1 (studied)?,,,"Legally protected. Galicia is an important area for wolves, and they have persisted there at a steady population level for the past 200 years. They say that they only got scats from one wolf pack per area but no info on the specific wolf packs or how they not it was a single wolf pack was given.","""The livestock density on agricultural land outside the forest is high""",2,"Roe deer (Capreolus capreolus), Wild boar (Sus scrofa)",,,,,,,,,
"""small variety of potential prey, the almost total absence of competition from other predators"". Should the feral horse be considered wild? paper says they've been there since the pleistocene. They are considered semi-feral by management but this is heavily disputed.",Janeiro-Otero 2022,Estacas,EST,JAO22EST,-8.42946,42.32745,,2017,2019,"Galicia, NW Spain",Spain,PA0406,PA,4,PA04,PA,WEE,GEM,PA10,648,No,,,,,"""abundant""",Not given - likely none,Not given - likely none,,1061,"712 = average, 1061=max",14.05,,,,1 (studied)?,,,"Legally protected. Galicia is an important area for wolves, and they have persisted there at a steady population level for the past 200 years. They say that they only got scats from one wolf pack per area but no info on the specific wolf packs or how they not it was a single wolf pack was given.","Galician feral horses disputed wether they are feral/wild or just loosely domestic. ""The livestock density on agricultural land outside the forest is low""",3,"Galician feral horse (Equus ferus atlanticus), Roe deer (Capreolus capreolus), Wild boar (Sus scrofa)",,,,,,,,,
"90.7% forested (in depth forest composition given). Nested within BPF. ""The climate of Białowieża is transitional between continental and Atlantic types, which makes it rather variable"". Brown bear extirpated from area? **European bison and moose were ""only occasionally recorded in BNP, so the census did not show their presence"" should they be included in 'ungulates_avail'? Poaching likely occurs to some extent",Jędrzejewska 1994,Białowieża National Park (BNP),BPF-N,JEA94BPF-N,23.87019,52.74584,,1986,1991,Białowieża,Poland,PA0412,PA,4,PA04,PA,WEE,GEM,PA12,654,"Strictly protected, no forestry harvest or hunting allowed since 1921. No motor transportation allowed in the park and tourist access is regulated and restricted to a few footpaths",,"Highly variable, mean Jan= -13.4-1.3",,,,Highly variable: 0-100,,,,90.7,47.5,,,15?,,,,"No hunting of wolves here since 1921. Hunted in Poland until 1989. ""45 wolves (three times the contemporary numbers) were recorded in the western (now Polish) part of BPF in 1935"" therefore ~15 wolves during the study period (but this might include BPF).",None,3 or 5**,"Roe deer (Capreolus capreolus), Red deer (Cervus elaphus), Wild boar (Sus scrofa), (available in general area but not recorded during censuses: European bison (Bison bonasus), Moose (Alces alces))",Unclear,1,,0,(brown bear extirpated),1,Lynx (Lynx lynx),,
"61% forested, also gives forest composition. Heavily exploted for timber since 1915. Forestry activities has changed the forest composition to being predaominantly more coniferous (area is naturally predominant in deciduous but coniferous is more economically valuable) ""Man-made changes in the forest structure (towards predominance of coniferous stands and young age classes) greatly impoverished the food supply for some species of ungulates."" Tall wire fence along border seperates the Polish and Belarusian parts of the forest, ungulates cannot cross the fence. Brown bear extirpated from area? hunting season is in winter",Jędrzejewska 1994,Exploited Białowieża Primeval Forest (BPF),BPF-E,JEA94BPF-E,23.72268,52.74589,,1986,1991,Białowieża,Poland,PA0412,PA,4,PA04,PA,WEE,GEM,PA12,654,"No - timber exploitation, replanting and game management",,"Highly variable, mean Jan= -13.4-1.3",,,,Highly variable: 0-100,,,,61,530,,,15?,,,,"Hunted in Poland until 1989. ""45 wolves (three times the contemporary numbers) were recorded in the western (now Polish) part of BPF in 1935"" therefore ~15 wolves during the study period (but this might include BNP)",No mention,5,"European bison (Bison bonasus), Moose (Alces alces), Roe deer (Capreolus capreolus), Red deer (Cervus elaphus), Wild boar (Sus scrofa)",Unclear,1,,0,(brown bear extirpated),1,Lynx (Lynx lynx),,
,Jędrzejewski 2000,Białowieża Primeval Forest (BPF),BPF,JEI00BPF,23.73520,52.74603,,1985,1996,,Poland,PA0412,PA,4,PA04,PA,WEE,GEM,PA12,654,,,,,,,,,,,,580,,,,,,,,,,,,,,,,,,,
,Jędrzejewski 2002,Białowieża Primeval Forest (BPF),BPF,JEI02BPF,23.73516,52.74624,,1996,1999,,Poland,PA0412,PA,4,PA04,PA,WEE,GEM,PA12,654,,,,,,,,,,,,580,,,,,,,,,,,,,,,,,,,
,Jędrzejewski 2012,1. Skaliskie Forest,SLF,JEI12SLF,22.06831,54.29135,,1999,2004,Northeastern Poland (Region 1),Poland,PA0412,PA,4,PA04,PA,WEE,GEM,PA12,654,,6.4,-4.1,18,,648,,83 days,75,201,75-201,200,,,2,,,,"Average adult male= 46.4kg (SE = 0.86kg, range=35-67kg), average adult female = 39.3kg (SE=0.7kg, range=27-50kg), body mass data from wolves in the Carpathian mountains. Wolf abundance in Poland is far higher than in other European countries. Dominant large carnivore in Poland. Predators are all federally protected.",,,,Yes,1,,0,,1,Lynx (Lynx lynx),,
,Jędrzejewski 2012,2.  Rominta Forest,RMF,JEI12RMF,22.52267,54.3227,,1999,2004,Northeastern Poland (Region 1),Poland,PA0412,PA,4,PA04,PA,WEE,GEM,PA12,654,,6.4,-4.1,18,,648,,83 days,150,256,150-256,170,,,2,,,,"Average adult male= 46.4kg (SE = 0.86kg, range=35-67kg), average adult female = 39.3kg (SE=0.7kg, range=27-50kg), body mass data from wolves in the Carpathian mountains. Wolf abundance in Poland is far higher than in other European countries. Dominant large carnivore in Poland. Predators are all federally protected.",,,,Yes,1,,0,,1,Lynx (Lynx lynx),,
,Jędrzejewski 2012,3.  Pisz Forest,PZF,JEI12PZF,21.51590,53.60403,,1998,2003,Northeastern Poland (Region 1),Poland,PA0412,PA,4,PA04,PA,WEE,GEM,PA12,654,,5.8,-3,16.5,,627,,75 days,100,180,100-180,1350,,,14,,,,"Average adult male= 46.4kg (SE = 0.86kg, range=35-67kg), average adult female = 39.3kg (SE=0.7kg, range=27-50kg), body mass data from wolves in the Carpathian mountains. Wolf abundance in Poland is far higher than in other European countries. Dominant large carnivore in Poland. Predators are all federally protected.",,,,Maybe?,1,,0,,1,Lynx (Lynx lynx),,
,Jędrzejewski 2012,4. Napiwoda-Ramuki Forest,NRF,JEI12NRF,20.73419,53.52351,,1998,2003,Northeastern Poland (Region 1),Poland,PA0412,PA,4,PA04,PA,WEE,GEM,PA12,654,,6.2,-3.1,16.8,,583,,94 days,100,225,100-225,1940,,,19,,,,"Average adult male= 46.4kg (SE = 0.86kg, range=35-67kg), average adult female = 39.3kg (SE=0.7kg, range=27-50kg), body mass data from wolves in the Carpathian mountains. Wolf abundance in Poland is far higher than in other European countries. Dominant large carnivore in Poland. Predators are all federally protected.",,,,Yes,1,,0,,1,Lynx (Lynx lynx),,
,Jędrzejewski 2012,5.  Augustów Forest,AGF,JEI12AGF,23.21137,53.93282,,2000,2006,Northeastern Poland (Region 1),Poland,PA0412,PA,4,PA04,PA,WEE,GEM,PA12,654,,6.8,-4.2,18.1,,569,,90 days,100,167,100-167,1350,,,32,,,,"Average adult male= 46.4kg (SE = 0.86kg, range=35-67kg), average adult female = 39.3kg (SE=0.7kg, range=27-50kg), body mass data from wolves in the Carpathian mountains. Wolf abundance in Poland is far higher than in other European countries. Dominant large carnivore in Poland. Predators are all federally protected.",,,,Yes,1,,0,,1,Lynx (Lynx lynx),,
,Jędrzejewski 2012,6. Biebrza National Park,BNP,JEI12BNP,22.76613,53.50889,,2001,2004,Northeastern Poland (Region 1),Poland,PA0412,PA,4,PA04,PA,WEE,GEM,PA12,654,,6.8,-4.3,18.8,,609,,94 days,100,126,100-126,640,,,13,,,,"Average adult male= 46.4kg (SE = 0.86kg, range=35-67kg), average adult female = 39.3kg (SE=0.7kg, range=27-50kg), body mass data from wolves in the Carpathian mountains. Wolf abundance in Poland is far higher than in other European countries. Dominant large carnivore in Poland. Predators are all federally protected.",,,,Maybe?,1,,0,,1,Lynx (Lynx lynx),,
,Jędrzejewski 2012,7.  Knyszyn Forest,KSF,JEI12KSF,23.45429,53.21355,,2000,2002,Northeastern Poland (Region 1),Poland,PA0412,PA,4,PA04,PA,WEE,GEM,PA12,654,,6.9,-4,18.4,,592,,90 days,100,205,100-205,1500,,,39,,,,"Average adult male= 46.4kg (SE = 0.86kg, range=35-67kg), average adult female = 39.3kg (SE=0.7kg, range=27-50kg), body mass data from wolves in the Carpathian mountains. Wolf abundance in Poland is far higher than in other European countries. Dominant large carnivore in Poland. Predators are all federally protected.",,,,Yes,1,,0,,1,Lynx (Lynx lynx),,
,Jędrzejewski 2012,9.  Sobibór Forest,SBF,JEI12SBF,23.31585,51.45002,,2000,2005,Eastern Poland (Region 2),Poland,PA0412,PA,4,PA04,PA,WEE,GEM,PA12,654,,6.8,-4.1,18,,510,,72 days,125,132,125-132,1910,,,53,,,,"Average adult male= 46.4kg (SE = 0.86kg, range=35-67kg), average adult female = 39.3kg (SE=0.7kg, range=27-50kg), body mass data from wolves in the Carpathian mountains. Wolf abundance in Poland is far higher than in other European countries. Dominant large carnivore in Poland. Predators are all federally protected.",,,,Maybe?,1,,0,,1,Lynx (Lynx lynx),,
,Jędrzejewski 2012,10. Roztocze,RAS-R,JEI12RAS-R,22.53178,50.38416,,2000,2003,Eastern Poland (Region 2),Poland,PA0412,PA,4,PA04,PA,WEE,GEM,PA12,654,,7.3,-4,18.8,,574,,60 days,125,391,125-391,8590,,,172,,,,"Average adult male= 46.4kg (SE = 0.86kg, range=35-67kg), average adult female = 39.3kg (SE=0.7kg, range=27-50kg), body mass data from wolves in the Carpathian mountains. Wolf abundance in Poland is far higher than in other European countries. Dominant large carnivore in Poland. Predators are all federally protected.",,,,Maybe?,1,,0,,1,Lynx (Lynx lynx),,
,Jędrzejewski 2012,11.  Bieszczady Mountains,BZM,JEI12BZM,22.34762,49.23326,,1998,2005,Southeastern Poland (Carpathian Mountains) (Region 3),Poland,PA0504,PA,5,PA05,PA,WEE,EMF,PA14,692,,7.1,-4.3,17.5,,847,,101 days,400,1199,400-1199,780,,,37,,,,"Average adult male= 46.4kg (SE = 0.86kg, range=35-67kg), average adult female = 39.3kg (SE=0.7kg, range=27-50kg), body mass data from wolves in the Carpathian mountains. Wolf abundance in Poland is far higher than in other European countries. Dominant large carnivore in Poland. Predators are all federally protected.",,,,Maybe?,2,,1,Brown bear (Ursus arctos),1,Lynx (Lynx lynx),,
,Jędrzejewski 2012,12. Beskidy Mountains,BKM,JEI12BKM,20.55617,49.52592,,1999,2004,Southeastern Poland (Carpathian Mountains) (Region 3),Poland,PA0504,PA,5,PA05,PA,WEE,EMF,PA14,692,,5.6,-5,15.6,,789,,83 days,250,1262,250-1262,2190,,,37,,,,"Average adult male= 46.4kg (SE = 0.86kg, range=35-67kg), average adult female = 39.3kg (SE=0.7kg, range=27-50kg), body mass data from wolves in the Carpathian mountains. Wolf abundance in Poland is far higher than in other European countries. Dominant large carnivore in Poland. Predators are all federally protected.",,,,Maybe?,2,,1,Brown bear (Ursus arctos),1,Lynx (Lynx lynx),,
,Jędrzejewski 2012,13.  Western Beskidy Mountains,WBM,JEI12WBM,19.09288,49.6225,,1997,2001,Southeastern Poland (Carpathian Mountains) (Region 3),Poland,PA0504,PA,5,PA05,PA,WEE,EMF,PA14,692,,5.5,-5.7,16.4,,898,,79 days,300,1557,300-1557,1410,,,23,,,,"Average adult male= 46.4kg (SE = 0.86kg, range=35-67kg), average adult female = 39.3kg (SE=0.7kg, range=27-50kg), body mass data from wolves in the Carpathian mountains. Wolf abundance in Poland is far higher than in other European countries. Dominant large carnivore in Poland. Predators are all federally protected.",,,,Maybe?,2,,1,Brown bear (Ursus arctos),1,Lynx (Lynx lynx),,
"63% open areas, 37% forest complexes (59% pine, 13% birch). Whole Grodno region is 40,100km^2. African swine fever appeared in Belarus in 2013",Klich 2021,Grodno,GRO,KLH21GRO,24.80834,53.42505,"53°25' N, 24°48' E",2010,2019,Grodno region,Belarus,PA0412,PA,4,PA04,PA,WEE,GEM,PA12,654,,,,,,,,"""Non vegetation period""/winter= Nov-Mar",,,,,,,,,,,"""We did not possess data on the intensity of wolf hunting by humans; however, we believe that wolf hunting has increased after the wild boar population decline. We speculate that wolves hunted deer more intensively after the ASF epidemic outbreak, and this probably encouraged hunters to exploit wolves more in the Vitebsk region""","present in diet but grouped within the ""others"" category",4,"Roe deer, red deer, elk (Alces alces), wild boar",Yes,,,,,1?,Red fox (Vulpes vulpes),,
"72% forest complexes (52% broad leaf and 44% coniferous), 28% open areas (predominantly agricultural and meadows). Whole Vitebsk region is 25,100km^2. African swine fever appeared in Belarus in 2013",Klich 2021,Vitebsk,VIT,KLH21VIT,30.27508,55.39177,"55°23' N, 30°16' E",2010,2019,Vitebsk region,Belarus,PA0436,PA,4,PA04,PA,WEE,GEM,PA11,679,,,,,,,,"""Non vegetation period""/winter= Nov-Mar",,,,,,,,,,,"""We did not possess data on the intensity of wolf hunting by humans; however, we believe that wolf hunting has increased after the wild boar population decline. We speculate that wolves hunted deer more intensively after the ASF epidemic outbreak, and this probably encouraged hunters to exploit wolves more in the Vitebsk region""","present in diet but grouped within the ""others"" category",4,"Roe deer, red deer, elk (Alces alces), wild boar",Yes,,,,,1?,Red fox (Vulpes vulpes),,
"There may be more wild ungulate species in area (paper just says that they are the two most abundant, not that they are the only ones). Wild forest reindeer went extinct in FInland in the early 1900's but reapperd in the late 1950's as their population expanded from Russia. Forest cover is 80% of land area (93% of forested land area is commercial forest) half of the swamps have been drained. Young successional mixed forests are common. Mean human density in area is 2/km^2 but <1/km^2 within wolf territories ",Kojola 2004,Kainuu,KAI,KOA04KAI,29.32762,64.23555,None given ,1998,2000,"Province of Kainuu, East-central Finland",Finland,PA0608,PA,6,PA06,PA,SUE,SWB,PA8,717,,,,,,,80,permanent snow mid Nov-early may. Snow depths peak in march ,160,307,160-307,8000,,,"1998=5, 1999= 16, 2000=35",1-3,,,3 packs studied. In 1999 there were 7 adults and 9 pups. In 2000 there were 15 adults and 20 pups. Rare in the study area before 1999. in 1998 only 5 wolves (a pack of four and a lone female) were present in area. Wolf numbers declined to 14-16 due to hunting and juvenile dispersal. Annual territory sizes ranged from 600-1700km^2. Territories 2 and 3 partially overlap. Territory 1 is the only one within reindeer wintering range.,No mention,2,"Moose, Reindeer",,2,,1,Brown bear,1,Lynx,,
"70 cougars, 64 grizzlies, and 200 black bears, per 1000 km^2 (external estimate)",Kunkel 1999,North Fork Flathead River Glacier National Park,NFF,KUL99NFF,-114.32493,48.87192,None given ,1992,1996,British Columbia and Montana,Canada and USA,NA0518,NA,5,NA05,NA,NOA,AMW,NA13,361,"No, hunting allowed by permit",,-9,16,,,65 cm (annual maximum),Mid-Nov to Mid-April,1024,1375,1024-1375,1000,,0.01,21-28,3-4,,7,"10 wolves/1000 km^2 (winter density in a portion of the study area, external estimate). Number of wolves in South Camas pack: 1992=5, 1993=10, 1994=11, 1995=10, 1996=12. Number of wolves in North Camas pack: 1992=11, 1993=7, 1994=3, 1995=4, 1996=5. There were also two other packs but no names given, eventually only one pack was left of the two, the number of wolves in each of the packs was: 1992=3 and 4, 1993=5 and 6, 1994=7, 1995=10, 1996=6. Most kills located were from the north and south camas packs. Average wolf pack size of all packs (3-4) from all years was 7 (range: 3-12), North Camas and South Camas packs only (average both all years= 7.8, range: 3-12)",No mention,4,"White-tailed deer, Mule deer, Moose, Elk",,3,,3,"Grizzly bear, black bear, cougar",,,,
"""We grossly estimated that 300–700 elk (Kunkel and Pletscher 1999), 200–400 moose (Langley 1993), and >3,000 deer were present within our study area"". 70 cougars, 64 grizzlies, and 200 black bears, per 1000 km^2 (external estimate)",Kunkel 2004,North Fork Flathead River Glacier National Park,NFF,KUL04NFF,-114.38745,48.91899,None given ,1986,1996,British Columbia and Montana,Canada and USA,NA0518,NA,5,NA05,NA,NOA,AMW,NA13,361,"mosaic of national forest, state fores and private property (USA), Canadian side is crown (fereal gov) land",,-9,16,,,65 cm (annual maximum),Mid-Nov to Mid-April,1024,1375,1024-1375,3000,,,,3,,,"Approx 10 wolves/km^2 (external estimate). 3 packs studied, 2 in Montana (Camas packs), 1 in BC (Spruce pack). Wolf counts were done in may and exclude newborn pups. Over the study period pack sizes ranged from 2-12. South camas territory size was 62.8km^2 in 1993, 154.9km^2 in 1994, and 84.5km^2 in 1995. North camas pack territory size was 144.20 in 1993, 94.31 in 1994, and 79.9km^2 in 1995.",No mention,4,"White-tailed deer, Mule deer, Moose, Elk",,3,,3,"Grizzly bear, black bear, cougar",,,,
Developed a map featuring six classes of land use. ,Lagos 2018,Valley of the river Eume (VDE),VRE,LAS18VRE,-7.84905,43.42653,,2003,2006,"Galicia, NW Spain",Spain,PA0406,PA,4,PA04,PA,WEE,GEM,PA10,648,,8.7-14.7,,,,1000-2037,,snowfalls 2-5 times a year,200,800,200-800,302,0.01987-0.02318,,6-7,1-2,?-7,,"""Over the period 2003–2006, wolf population oscillated between six wolves in two different packs and seven wolves in one single pack""",Livestock fairly abundant but not as abundant as CDG,3,"Roe deer (Capreolus capreolus), wild boar (Sus scrofa) and red deer (Cervus elaphus)",No,,,,,"Not really given, fox mentioned off hand.","Red fox (Vulpes vulpes), More?",,
Developed a map featuring six classes of land use,Lagos 2018,Centre of the Dorsal Galega (CDG),CDG,LAS18CDG,-7.89024,43.07594,,2003,2006,"Galicia, NW Spain",Spain,PA0406,PA,4,PA04,PA,WEE,GEM,PA10,648,,8.7-14.7,,,,1000-2037,,snowfalls 2-5 times a year,400,900,400-900,259,0.02317-0.06564,,"6 (2003), 16-17 (2006)",2,,,"""Wolf population consisted in two packs, which comprised a minimum of six adult wolves in 2003 and a maximum of 16–17 in 2006""",Livestock production is the main human activity in the area. Most abundant livestock of the three areas,2,"Roe deer (Capreolus capreolus), wild boar (Sus scrofa) ",No,,,,,"Not really given, fox mentioned off hand.","Red fox (Vulpes vulpes), More?",,
Developed a map featuring six classes of land use. ,Lagos 2018,South of the Macizos Centrales of Ourense (SMC),SMC,LAS18SMC,-7.40741,42.01262,,2003,2006,"Galicia, NW Spain",Spain,PA1216,PA,12,PA12,PA,WEE,MED,PA20,800,,8.7-14.7,,,,1000-2037,,snowfalls 2-5 times a year,400,1400,400-1400,247,0.05668-0.09717,,14-24,2-6,,,"""Wolf population varied between two packs with approximately 14 wolves in 2003 and six packs with around 24 wolves in 2006""","""Livestock is scarce and their husbandry makes them scarcely accessible to wolves""",3,"Roe deer (Capreolus capreolus), wild boar (Sus scrofa) and red deer (Cervus elaphus)",No,,,,,"Not really given, fox mentioned off hand.","Red fox (Vulpes vulpes), More?",,
,Latham 2013,Athabasca River,AAR,LAM13AAR,-113.00932,55.94119,"55° 57′N, 113°49′W",2006,2008,Alberta,Canada,NA0608,NA,6,NA06,NA,SUA,CBF,NA8,376,,,,,,,,,,,,21000,,,,,,,,,,,,,,,,,,,
Total area of forest cover = 82.3%,Mattioli 2004,Mugello (SAF),MUG,MAI04MUG,11.68879,43.83324,,1992,2000,Province of Arezzo,Italy,PA0401,PA,4,PA04,PA,WEE,MED,PA19,644,No hunting in 54.6% of the area,,,,,,,,400,1600,400-1600,98.7,,3.2,,1?,,4.4 +/- 1.2 in summer and 3.8 +/- 1.1 in winter,"Minimum density of wolves in the province is 3.2/km^2 (one of the highest in Europe). ""One breeding pack was present in SAF during the whole period of study"".",Present. Excluded from higher analysis,3,"Red deer, roe deer, wild boar",,,,,,,,,
Total area of forest cover = 72.6%. Area is a mosaic of mixed forest and farmland ,Mattioli 2004,Valle Santa (VS),VLS,MAI04VLS,11.94399,43.73283,,1992,2000,Province of Arezzo,Italy,PA0401,PA,4,PA04,PA,WEE,MED,PA19,644,No hunting in 25.7% of the area,,,,,,,,400,1600,400-1600,143.6,,3.2,,1?,,4.4 +/- 1.2 in summer and 3.8 +/- 1.1 in winter,"Minimum density of wolves in the province is 3.2/km^2 (one of the highest in Europe). ""a pack was also constantly present in VS while reproduction was not confirmed in 1997 and 1998.""",Present. Excluded from higher analysis,4,"Red deer, roe deer, fallow deer, wild boar",,,,,,,,,
Total area of forest cover = 85.6%,Mattioli 2004,Pratomagno (PM),PRA,MAI04PRA,11.75443,43.59897,,1992,2000,Province of Arezzo,Italy,PA1211,PA,12,PA12,PA,WEE,MED,PA19,795,No hunting in 30.3% of the area,,,,,,,,400,1600,400-1600,179.6,,3.2,,1,,,"Minimum density of wolves in the province is 3.2/km^2 (one of the highest in Europe). ""During the period of study, one wolf pack was found to be present in PM, in the area of scat collection"". "" Reproduction was verified in PM in 1994 (an abandoned litter was found)""",Present. Excluded from higher analysis,3,"Roe deer, fallow deer, wild boar",,,,,,,,,
Total area of forest cover = 61.6%. Area is a mosaic of mixed forest and farmland ,Mattioli 2004,Valtiberina (VT),VAL,MAI04VAL,12.18795,43.70844,,1992,2000,Province of Arezzo,Italy,PA1211,PA,12,PA12,PA,WEE,MED,PA19,795,No hunting in 12.7% of the area,,,,,,,,400,1600,400-1600,385.9,,3.2,,3-4,,,"Minimum density of wolves in the province is 3.2/km^2 (one of the highest in Europe). ""four different packs in VT, of which at least three were contemporaneously present every year (pers. obs.)."" ""Reproduction was verified in PM in 1994 (an abandoned litter was found) and in 1999, and in VT for two packs, in 1998 and 1999, and for tthree packs, in 2000.""",Present. Excluded from higher analysis,3,"Roe deer, fallow deer, wild boar",,,,,,,,,
,Mattioli 2011,Casentinesi Forest Area,CFA,MAI11CFA,11.82943,43.79958,,1988,2000,,Italy,PA0401,PA,4,PA04,PA,WEE,MED,PA19,644,,,,,,,,,,,,130,,,,,,,,,,,,,,,,,,,
"Anatolian wild sheep at low numbers (40-80) despite frequent re-stocking of sheep, possibly due to wolf predation. Brown bear and lynx only occur sporatically. Wild boar are hunted for population control (minimize agricultural damage), not hunted for human consumption (religious reasons). Carcasses are either collected for hunting dog food  or left for scavengers. Ungulate pops (Except wild boar) in region declining over past two centuries due to hunting and poaching, but now beginning to recover",Mengüllüoğlu 2019,Sarıyar Wildlife Protection Area (SWPA),SWP,MEU19SWP,31.52658,40.05196,"31.300-31.600 Long, 40.000 Lat",2015,2017,Anatolia,Turkey,PA0410,PA,4,PA04,PA,WEE,BSF,PA17,652,,13.1,,,,,max 25cm,only seven days,460,850,460-850,80,,,,1,3-4,,"Pack is "" composed of two adult and one to two sub-adult wolves per year"". Apex predator in turkey, has never been extirpated in anatolia. 6000-8000 in Anatolia","Not available in winter but otherwise highly abundant, free grazing and corrals. Heavy over grazing on eastern half in non-winter. West half is supposed to be protected and it is illegal to graze livestock there but it still happens.",3,"Anatolian wild sheep (Ovis gmelinii), Red deer (Cervus elaphus), Wild boar (Sus scrofa)",No,5,,1,Brown bear (Ursus arctos),4,"Golden Jackal (Canis aureus), Eurasian lynx (Lynx lynx), Red fox (Vulpes vulpes), Jungle cat (Felis chaus)",,
"no livestock flocks grazed there in winter (time of scat collection). Lynx there are lagomorph specialists. Wild boar are hunted for population control (minimize agricultural damage), not hunted for human consumption (religious reasons). Carcasses are either collected for hunting dog food  or left for scavengers. Ungulate pops (Except wild boar) in region declining over past two centuries due to hunting and poaching but now beginning to recover",Mengüllüoğlu 2019,Nallıhan Mountains(NM),NLM,MEU19NLM,31.53120,40.25653,"31.300-31.600 Long, 40.100-40.300 Lat",2014,2017,Anatolia,Turkey,PA0515,PA,5,PA05,PA,WEE,BSF,PA17,703,,9.6,,,543,,stays for more than a month at elevatiosn >1000,,500,1500,500-1500,400,,,,several,4-8,,"Estimated wolf group size per camera capture as 3.4 ind (1-8 adults and subadults together). Pack sizes ""determined to be a minimum of four to eight wolves per four encountered packs"". ""Apex predator"" in turkey, has never been extirpated in anatolia. 6000-8000 in Anatolia","Not available in winter but otherwise highly abundant, free grazing and corrals. Over-grazing is not as extreme as the other SA.",2,"Red deer (Cervus elaphus), Wild boar (Sus scrofa)",No,5,,1,Brown bear (Ursus arctos),4,"Golden Jackal (Canis aureus), Eurasian lynx (Lynx lynx), Red fox (Vulpes vulpes), Jungle cat (Felis chaus)",,
"""Area A"". ""low wild and domestic ungulate availability"". mixed woods = 24% of the whole area, beech woods = 32%, conifer reafforestation = 3%, pastures= 26% and scrub = 8%. ""Cultivated fields were restricted to the immediate areas of the sparse small villages"" ""In all study areas the human population has decreased by 80% over the last thirty years. The climate of the three study areas was submediterranean with rainfall concentrated in spring and autumn, mild winters and reduced snowfall."" ""The climate of tthe three study areas was submediterranean with rainfall concentrated in spring and autumn, mild winters and reduced snowfall.""",Meriggi 1996,Western Northern Apennines,WNA,MEI96WNA,9.19822,44.65559,None given ,1987,1992,Western Northern Apennines,Italy,PA0401,PA,4,PA04,PA,WEE,MED,PA19,644,"""Cultivated fields were restricted to the immediate areas of the sparse small villages""",,,,,,,,800,1700,800-1700,500,,,15,3,,,Species should still be considered endangered due to population fragmentation and low genetic diversity. 15 wolves across 3 packs,"low domestic ungulate availability. Horses, cattle, sheeps and goat",3,"Wild boar, roe deer, fallow deer",No,,,0,NA,,,,
"""Area B"". ""high availability of livestock"". Woods =64% (mostly beech and chestnut), pastures=14%, scrub=19%, and cultivated fields=19%. ""In all study areas the human population has decreased by 80% over the last thirty years. The climate of the three study areas was submediterranean with rainfall concentrated in spring and autumn, mild winters and reduced snowfall."" ""The climate of tthe three study areas was submediterranean with rainfall concentrated in spring and autumn, mild winters and reduced snowfall.""",Meriggi 1996,Central Northern Apennines,CNA,MEI96CNA,9.76184,44.43044,None given ,1992,1992,Central Northern Apennines,Italy,PA0401,PA,4,PA04,PA,WEE,MED,PA19,644,,,,,,,,,500,1650,500-1650,200,,,5,unclear if any,,,"Species should still be considered endangered due to population fragmentation and low genetic diversity. ""About five wolves were recorded and no evidence of reproduction was found.""","""high availability of livestock"". Horse, cattle, sheep and goat",1,Wild boar,No,,,0,NA,,,,
"""Area C"". ""high availability of wild ungulates"". Forest=81% (mixed+58%, beech=26%, conifer=16%) pasture=14%, scrub=3%, cultivated areas=2%. ""In all study areas the human population has decreased by 80% over the last thirty years. The climate of the three study areas was submediterranean with rainfall concentrated in spring and autumn, mild winters and reduced snowfall."" ""The climate of tthe three study areas was submediterranean with rainfall concentrated in spring and autumn, mild winters and reduced snowfall.""",Meriggi 1996,Eastern Northern Apennines,ENA,MEI96ENA,11.79114,43.95001,None given ,1990,1992,Eastern Northern Apennines,Italy,PA1211,PA,12,PA12,PA,WEE,MED,PA19,795,,,,,,,,,550,1660,550-1660,130,,,15,2,,,"Species should still be considered endangered due to population fragmentation and low genetic diversity. 15 wolves total, 2 packs and some single ind","""high availability of wild ungulates"". Cattle and sheep and goat",5,"Roe deer, Wild boar, Fallow deer, Red deer, Mouflon",No,,,,,,,,
"Study area= 39.5% woods, 29.4% scrublands, 17.1% cultivated fields, 13.7% pastures.  ""In the area there were small and interspersed villages, with large portions of uninhabited land due to depopulation of the mountain areas (human population density: 19 individuals per km2)."" ""The use of livestock was limited, and even more limited was the use of other categories such as small mammals, medium-sized mammals and fruits; consequently, the diet showed a low breadth."" "" In addition, the abundance of livestock and farming methods differ greatly from the Alps to the Apennines and in different parts of the Apennines, creating great variability in the availability of livestock in Italy and, consequently, in the trophic habits of the wolf (ISTAT 2003).""",Meriggi 2015,Emilia Romagna and Lombardy Regions,ERL,MEI15ERL,9.33898,44.75116,"44°46ʹ17.40ʹʹN, 9°23ʹ11.04ʹʹE",2007,2012,Western Northern Apennines,Italy,PA1211,PA,12,PA12,PA,WEE,MED,PA19,795,,9,1 (January),18 (July),950,,,,500,1700,500-1700,927.3,,,,5,,4.8,"In the 1970's, only 100 wolves in italy and only present in two remote areas of south central appenines. Legal protections led to wolves recolonizing the study area in the late 1980's. ""Wolves colonized the area in the late 1980s (the first wolf was illegally killed in 1987), when the wild ungulate guild was composed mainly by wild boars (600 individuals shot per year), while roe deer was beginning to colonise the area; fallow deer was present in a few sites, and red deer was absent. At that time, the occurrence of wild ungulates in the wolf diet was 19.4% (wild boar 17.1%, roe deer 0.8% and fallow deer 1.6%) and that of livestock was 25.6%. Other important food categories in the wolf diet were vegetables (59.7%), small mammals (26.4%), invertebrates (23.3%) and medium-sized mammals (10.1%), the sum of the percentage frequencies exceeding 100 because of the contemporary occurrence of more than one category in the same sample (MERIGGI et al. 1991, 1996; MILANESI et al. 2012). Wolves are present in the study area with five main packs of 4.8 (SD = 2.17) individuals on average, and a small number of lone wolves estimated by snow-tracking, wolf-howling and camera-trapping. Legal control of wolves is not practiced in the study area; however, 4–6 wolves were illegally killed between 2005 and 2012.""","""Livestock (cattle, goats, sheep and horses) was free-grazing from April to October with births occurring on the pastures and inspected one time per week. The main productive aim was meat production."" ""Prevention methods such as the presence of large shepherd dogs, adequate fences, anti-wolf fences and regular surveillance of pastures are rarely adopted but have been increasing in the last 2 years.""",4,"Red deer, fallow deer, roe deer, wild boar",Unclear,,,,,,,,
for sheet 5.1 only,Metz 2012,Yellowstone National Park-Northern Range,YNP-N,MEZ12YNP-N,-110.50740,44.99228,,1995,2009,Wyoming,USA,NA0528,NA,5,NA05,NA,NOA,AMW,NA13,367,,,,,,,,,,,,1530,,,,,,,,,,,,,,,,,,,
Roztocze has heavily fragmented forest interspersed with large agriculture areas and villages. Solska forest is compact forest. Beavers present but relatively low. Free ranging domestic dogs are bundant in natural habitats across Poland. Lynx here prey almost exclusively on roe deer (Author cites another one of their papers),Mysłajek 2022,Roztocze and Solska Forest,RAS,MYK22RAS,23.04766,50.468,"central point= 50°30′N, 23°00′N",2017,2020,South-east Poland,Poland,PA0412,PA,4,PA04,PA,WEE,GEM,PA12,654,Roztocze National Park (84.8 km^2) and multiple Natura 2000 special areas of conservation,,-2.9,19.1,691,,,,,390,390 max,1300,,,,5,,,"Present in the region throughout the second half of the 20th century. Heavily persecuted, then protected in Poland in 1998. At least 5 wolf family groups recorded in area at the beggining of the 21rst century. Wolf territories spanned both Roztocze and the Solska Forest (so the areas were considered as one). Part of the baltic subpopulation of wolves.","""During vegetation season, cattle, horses and sheep are grazed on pastures surrounding forest tracks, especially in the Roztocze region (Dziaducha 2021). Furthermore, the Roztocze National Park supports small herds of heritage breeds of horses, cattle and sheep (altogether ca. 120 individuals) grazed on pasture inside the park.""",5,"Moose, roe deer, red deer, wild boar, fallow deer",Yes,2,,0?,,2,"Eurasian lynx (Lynx lynx), Red fox (Vulpes vulpes)",,
,Nelson 2016,Greater Yellowstone Ecosystem,GYE,NEN16GYE,-109.59807,44.75371,None given ,2007,2010,,USA,NA0528,NA,5,NA05,NA,NOA,AMW,NA13,367,,,,,,,,,,,,None given ,,,,,,,,,,,,,,,,,,,
,Nowak 2005,Carpathian Mountains,CPM,NOK05CPM,19.10737,49.7234,"49°23’–49°53’ N, 18°45’–19°48’ E",1997,2001,,Poland,PA0504,PA,5,PA05,PA,WEE,EMF,PA14,692,,,,,,,,,,,,745,,,,,,,,,,,,,,,,,,,
Mouflon and Fallow deer were introduced for game hunting but are present at low densitites (Mouflons were said to be present but not reported in diet or as a % of the species community),Nowak 2011,Bydgoszcz Forest,BYD,NOK11BYD,18.31349,52.98677,"N 52°50'–53°07', E 17°41'–18°45'",2002,2009,Central Poland,Poland,PA0412,PA,4,PA04,PA,WEE,GEM,PA12,654,,8.4,-2.7,18.2,,525,,50-80 days ,,116,116(highest)-?,640,,,,1 or 2,,<5-7,"Protected since 1998 in Poland. Permanent wolf presence since 2004. ""During the study period in each of our study sites only one, or eventually two resident wolf packs were present.""",Livestock in agricultural areas around the forest,5,"Red deer (Cervus elaphus), Roe deer (Capreolus capreolus), Wild boar (Sus scrofa), Fallow deer (Dama dama), Mouflon (Ovis gmelinii)",Yes,1,,0,0,1,Red fox (Vulpes vulpes),,
"Mouflon and Fallow deer were introduced for game hunting but are present at low densitites (Mouflons were said to be present but not reported in diet or as a % of the species community).  ""vegetation season length is 200-213 days"" is this the opposite of snow period? (ie. snow period would be 152-165 days?)",Nowak 2011,Wałcz Forest,WLF,NOK11WLF,16.64616,53.56762,"N 53°03'–53°38', E 16°04'–16°56'",2002,2009,North West Poland,Poland,PA0405,PA,4,PA04,PA,WEE,GEM,PA10,647,,8.1,,,,520,,see notes,100,205,100-205,1000,,,,1 or 2,,5-7,"Protected since 1998 in Poland. Recolonized in 2002. ""During the study period in each of our study sites only one, or eventually two resident wolf packs were present.""",Livestock in agricultural areas around the forest,5,"Red deer (Cervus elaphus), Roe deer (Capreolus capreolus), Wild boar (Sus scrofa), Fallow deer (Dama dama), Mouflon (Ovis gmelinii)",Yes,1,,0,0,1,Red fox (Vulpes vulpes),,
"Mouflon and Fallow deer were introduced for game hunting but are present at low densitites (Mouflons were said to be present but not reported in diet or as a % of the species community).   ""vegetation season length is 230-260 days""",Nowak 2011,Rzepin Forest,RZF,NOK11RZF,15.01472,52.23239,"N 52°02'-52°21', E 14°35'-15°28'",2002,2009,West Poland,Poland,PA0412,PA,4,PA04,PA,WEE,GEM,PA12,654,,8.3,see notes,see notes,,550,,see notes,,106,106 (highest),950,,,,1 or 2,,5-7,"Protected since 1998 in Poland. Resident wolves since 2004. ""During the study period in each of our study sites only one, or eventually two resident wolf packs were present.""",Livestock in agricultural areas around and within the forest,5,"Red deer (Cervus elaphus), Roe deer (Capreolus capreolus), Wild boar (Sus scrofa), Fallow deer (Dama dama), Mouflon (Ovis gmelinii)",Yes,1,,0,0,1,Red fox (Vulpes vulpes),,
"Mouflon and Fallow deer were introduced for game hunting but are present at low densitites (Mouflons were said to be present but not reported in diet or as a % of the species community). ""vegetation season length is 220 days""",Nowak 2011,Lower Silesian Forest,LSF,NOK11LSF,15.33486,51.42273,"N 51°14'-51°37', E 14°44'-15°54'",2002,2009,West Poland,Poland,PA0412,PA,4,PA04,PA,WEE,GEM,PA12,654,,8,see notes,see notes,,520-700,,see notes,107,235,107-235,1700,,,,1 or 2,,<5-7,"Protected since 1998 in Poland. Individual wolves since 2001, first resident pack established 2007. ""During the study period in each of our study sites only one, or eventually two resident wolf packs were present.""",Livestock in agricultural areas around and within the forest,5,"Red deer (Cervus elaphus), Roe deer (Capreolus capreolus), Wild boar (Sus scrofa), Fallow deer (Dama dama), Mouflon (Ovis gmelinii)",Yes,1,,0,0,1,Red fox (Vulpes vulpes),,
,Octenjak 2020,North Croatia,NCR,OCK20NCR,15.53564,45.34555,None given ,2009,2012,,Croatia,PA0431,PA,4,PA04,PA,WEE,EMF,PA14,674,,,,,,,,,,,,,,,,,,,,,,,,,,,,,,,
,Octenjak 2020,Central Croatia,CCR,OCK20CCR,15.49381,44.66142,None given ,2009,2012,,Croatia,PA0418,PA,4,PA04,PA,WEE,EMF,PA15,660,,,,,,,,,,,,,,,,,,,,,,,,,,,,,,,
,Octenjak 2020,South Croatia,SCR,OCK20SCR,16.31339,43.76544,None given ,2009,2012,,Croatia,PA1210,PA,12,PA12,PA,WEE,MED,PA19,794,,,,,,,,,,,,,,,,,,,,,,,,,,,,,,,
,Petridou 2019,Central Continental Greece,CCG,PEU19CCG,22.17873,39.05516,,2010,2012,,Greece,PA1201,PA,12,PA12,PA,WEE,MED,PA18,785,,,,,,,,,,,,612,,0.02450980392,15,2,,,15 indivuals belonging to 2 packs,,,,,,,,,,,,
0.24 black bear per km^2,Popp 2018,Great Lakes Region,GLR,POP18GLR,-80.82448,46.29197,"46° 20′30″N, 80° 50′ 30″W–46° 11′ 30″N, 80° 50′ 00″W",2013,2015,"Burwash region, Ontario ",Canada,NA0406,NA,4,NA04,NA,NOA,NAF,NA11,333,,,-12.5 (January mean),15 (July mean),,,average depth= 28cm (Dec-Feb),unclear,,300,max 300,450,0.2-0.3,,,,,,Wolves frequently hybridize with coyotes or other wolf-coyotes hybrids. 0.2-0.3km^2 wolves/hybrids,No mention,3,"Elk (Cervus elaphus), Moose (Alces alces), white-tailed deer (Odocoileus virginianus)",Yes,2,,1,Black bear (Ursus americanus),1,coyotes (Canis latrans),,
,Potvin 1988,Lake Stubbs,LKS,PON88LKS,-76.40710,46.2163,None given ,1974,1976,Laurentide Quebec,Canada,NA0406,NA,4,NA04,NA,NOA,NAF,NA11,333,,,-18,,,,274 (avg 62 days with depths >50 cm),,225,450,225-375 (occasionally exceeds 450),500,,,5-10,,,,1-2 wolves/100km2,,,,,,,,,,,,
,Potvin 1988,Papineau-Labelle reserve,PLR,PON88PLR,-75.21715,46.11183,None given ,1980,1984,Laurentide Quebec,Canada,NA0406,NA,4,NA04,NA,NOA,NAF,NA11,333,,,,,,,274 (avg 62 days with depths >50 cm),,225,450,225-375 (occasionally exceeds 450),2500,,,70,10,,,2.8/100km2,,,,,,,,,,,,
,Sand 2016,South-central Scandinavia,SCA,SAD16SCA,14.83519,60.28098,"58˚50'-61˚40'N, 11˚00'-18˚40' E",2001,2014,Scandinavia,Norway and Sweden,PA0608,PA,6,PA06,PA,SUE,SWB,PA8,717,,,-5,15,,,28.3 (2SE = +/- 9.1),,,,,164-1475 (mean= 766.27),need to calc for,need to calc for,92 in 2001 to 400 in 2014,17,2-9,4.35,"""average wolf population size increased from 92 (range 87–97, total count) to 400 (95% CI: 316–520) individuals"". Beavers, hare, grousse, and capercaillie present but make up low amounts of ingested wolf biomass. ""A risk-aversive strategy among Scandinavian wolves is further supported by the strong preference for young-of-the-year when preying on moose""",None,6,"Moose (Alces alces), Roe deer, Red deer (not widely available), Fallow deer (not widely available), wild boar (not widely available), semi-domestic reindeer (not widely available)",Yes,3,,1,Brown bear (Ursus arctos),2,"Lynx (Lynx lynx), Wolverine (Gulo gulo)",,
,Sears 2003,Frontenac Axis Region,FAR,SES03FAR,-77.00310,45.16057,"45°15'N, 77° W",1996,1998,Ontario ,Canada,NA0406,NA,4,NA04,NA,NOA,NAF,NA11,333,,,,,,,,,,,,1365,,,,,,,,,,,,,,,,,,,
,Shrotriya 2022,Ladakh and Spiti Trans-Himalayan Regions ,LSH,SHA22LSH,77.68098,33.62465,"31°30'-35°12' N, 76°-79° E",2014,2018,,India,PA1006,PA,10,PA10,PA,EAE,TIP,PA41,754,,,,,,,,,,,,60356,,,,,,,,,,,,,,,,,,,
"""The study period (1990-2000) was characterised by profound political changes and economical regress. This situation favoured uncontrolled exploitation of wild ungulates, which led to their fast, many-fold decline."" 78% is natural habitat, man transformed (field, pastures, meadow, human settlements, roads) covers 22-31%, dry meadows are 16% of whole region and 73% of the agricultural land. ""Though we have no precise data on ungulate hunting quotas and poaching intensity, the information obtained by interviewing the local hunters as well as our observations on the remnants of the poached moose and wild boar in the study area allowed us to roughly estimate that, since 1992, the killing rate of ungulates by humans could have increased 5 to 10-fold in comparison with earlier years and it remained heavy until 1995.""­",Sidorovich 2003,Lovat River,LVR,SIH03LVR,30.35036,55.72532,"55°45’N, 30°20'E",1990,2000,"Gorodok district, Vitebsk region",Belarus,PA0436,PA,4,PA04,PA,WEE,GEM,PA11,679,,,-6 (mean jan),18 (mean july),,,3max depth 30-90,"1.5-2 months of constant snow, snow period Late oct-mid april.",100,200,100-200,800,0.005-0.036,0.0175,4-29,,,,"""In the early 1990s, wolves were relieved from heavy control but few years later, when heavy damage to livestock caused complaints from farmers, hunting on wolves intensified"". Table 1 has wolf density by year","""The majority of these villages were small (5-26 houses and 9-67 inhabitants), but two were fairly large (49 and 84 houses, 147 and 242 inhabitants). Farmers mostly kept cows, pigs, hens, dogs and cats, whereas horses, sheep and geese were less common. Two collective farms ('kolkhoz') operated in the two large villages, and they had many cows (110 and 280), pigs (50 and 120), and horses (15 and 40).""",3,"Moose (Alces alces), roe deer (Capreolus capreolus), wild boar (Sus scrofa)",Yes,2,,1,Brown bear (Ursus arctos),1,Lynx (Lynx lynx),,
,Sidorovich 2017,Naliboki Forest,NBF,SIH17NBF,26.34279,53.85413,"53°55'N, 26°20'E",1999,2014,Central-western Belarus,Belarus,PA0412,PA,4,PA04,PA,WEE,GEM,PA12,654,,,,,,,,,,,,2750,,,,,,,,,,,,,,,,,,,
"Wild cat is very close to fox size. Include in pred? Habitat cover is 53% mixed forest, 28% conifer forest, 11% broad leaf forest, 7% pasture and natural grasslands, 1% agricultue. Snow cover lasts 62-170 days depending on altitude. Average snow depth from Jan-Feb is 51cm. ""However, since the fall of the communist regime in the late 1980s, the ecological integrity of these forests decreased continuously under the pressure of inefficiently controlled grazing and increasing tourism activities as well as recent changes in land ownership and forestry practices""",Sin 2019,South-Eastern Romanian Carpathians,SRC,SIN19SRC,26.47557,45.89229,"N 45.915, E 26.502",2013,2014,Carpathian Mountains,Romania,PA0504,PA,5,PA05,PA,WEE,EMF,PA14,692,"No - hunting of ungulates and carnivores to quotas, year-round logging, grazing from may-sept",,,,,,51,62-170 days ,491,1785,491-1785,600,NK,NK,NK,NK,NK,NK,"No reliable estimates of wolf pack numbers. Romanian wolf pop is one of the largest in Europe. Wolves never disappeared from Romania, so traditional sheperd practices and livestock protection have remained the same.","Yes, abundant",4,"Red deer, roe deer, wild boar, chamois",,4,,1,Brown bear (Ursus arctos),3,"Fox (Vulpes vulpes), european lynx (Lynx lynx), wildcat (Felis silvestris)",,
,Śmietana 2005,Bieszczady Mountains,BZM,SMA05BZM,22.62551,49.16447,49°00’–18’N 22°25’–54’E,1991,2002,Carpathians,Poland,PA0504,PA,5,PA05,PA,WEE,EMF,PA14,692,,,,,,,,,,,,600,,,,,,,,,,,,,,,,,,,
,Steenweg 2015,Parsnip River study area (PRSA),PRR,STG15PRR,-121.75098,55.00142,55° N 122 °W,2008,2009,British Columbia,Canada,NA0509,NA,5,NA05,NA,NOA,AMW,NA13,310,,,,,,,,,,,,,,,,,,,,,,,,,,,,,,,
"From Hoy 2021: ""Wolf abundance was estimated each MarcheApril from counts of adults and 11-month-old pups. Wolf abundance fluctuated between 40 and 106 wolves, with an average pack size of 10-11 wolves, during the study period (Smith & Bangs, 2009).""",Tallian 2017,Yellowstone National Park Winter Range,YNP-P,TAN17YNP-P,-110.40080,44.92561,,1995,2015,Wyoming,USA,NA0528,NA,5,NA05,NA,NOA,AMW,NA13,367,,,,,,,,,1500,2600,1500-2600,995,0.0402-0.1065,,40-106,see notes,,11,"3 to 5 wolf packs followed during a given biannual follow. Over the 20 years, 30 packs inhabited study area, 18 were intensively monitored. Number of individuals per pack not given. From Hoy 2021: ""Wolf abundance was estimated each March-April from counts of adults and 11-month-old pups. Wolf abundance fluctuated between 40 and 106 wolves, with an average pack size of 10-11 wolves, during the study period (Smith & Bangs, 2009).""",,6,"elk and bison, deer (Odocoileus spp.), bighorn sheep (Ovis canadensis), moose (Alces alces) and pronghorn (Antilocapra americana) ",,,,,,,,,
"ongoing decline of wildlife populations has been recorded during the last decades while livestock numbers grew from 25million to >45million in Mongolia. Had consistent reporting of livestock depredation rates up until the Soviet Union collapsed. ""Biodiversity hotspot""",Tiralla 2021,Khonin Nuga,KNN,TIA21KNN,107.28347,49.08356,"49°05′ N, 107°17′ E",2008,2012,Northern Mongolia,Mongolia,PA0609,PA,6,PA06,PA,SUE,SEB,PA7,718,Undisturbed buffer zone of a protected area,,,,,,,,900,1600,900-1600,450,NK,NK,NK,1 at least ,NK,few,At least one wolf pack according to park rangers. The wolf density and home range size in Khonin Nuga is unknown,"Not present within study area, but highly abundant throughout Mongolia",5,"Wild boar (Sus scrofa), Siberian roe deer (Capreolus pygargus), Red deer (Cervus elaphus), Siberian musk deer (Moschus moschiferus), Moose (Alces alces)",No,,,,,,,,
,Tremblay 2001,Lac Jacques-Cartier Highlands,LJC,TRY01LJC,-71.37835,47.70686,None given ,1996,1997,Quebec,Canada,NA0406,NA,4,NA04,NA,NOA,NAF,NA11,333,,,,,,,400-700,,400,1100,400-1100,2500,,,,,,,,,,,,,,,,,,,
"""main wildlife prey species available to wolves are red deer (Cervus elaphus) and marmots (Marmota sibirica)."" ""Przewalski horses became extinct in the wild in Mongolia in the 1960s, but 84 horses have been reintroduced since a reintroduction program started in 1992."" 4% was forrested, the rest is steppe. All research was within park boundaries except interviews with herdsman (in the summer or winter camps and in the buffer zone). Park is not fenced but most wildlife occur only in the park",van Duyne 2009,Hustai National Park,HNP,VAE09HNP,105.89353,47.68209,"47°46'N, 105°52'E",2003,2005,100km south of Ulaanbaatar,Mongolia,PA0813,PA,8,PA08,PA,EAE,MOG,PA44,734,"yes ~ hunting, logging and livestock grazing prohibited",0.2,,,270,,,,,,,506,,,20-50,,,,"HNP staff estimated 50 wolves, authors estimated 20-50 wolves based on wolf energy requirement calculations, interview data, and scat analysis. flexible and opportunistic. wolves were known to have larger home ranges and hunt outside the park. ""Our results concur with those of Jedrzejewski et al. (2005) who revealed that places where wolves were spotted were closer to forests and on higher altitudes than places without wolves. In forests wolves find suitable den sites and food resources.""",present only in buffer zone,5,"Red deer (Cervus elaphus), roe deer (Capreolus capreolus), Mongolian gazelle (Procapra gutturosa), wild boar (Sus scrofa), Przewalski horse (Equus ferus przewalskii)",No,2,,0,,2,"Lynx (Lynx lynx), red fox (Vulpes vulpes)",,
Low wild ungulate density and high livestock production. Sheperds use perscribed burning to inhibit forest succession and keep the area open for their goats. Wild boar presence is sporadic and only at low altitudes,Vos 2000,Arada Mountain Range,AMR,VOS00AMR,-8.08362,40.9161,"40˚55'N, 08˚05'W",1996,1996,North-east Portugal,Portugal,PA0406,PA,4,PA04,PA,WEE,GEM,PA10,648,"No, hunting is regular ",,,,2000,,0,,250,1070,250-1070,130,,,,1 (studied),,,"*1 pack studied. unclear if they are the only pack in the area. Wolves present in the area ""since historical times""",Highly abundant,1,Wild boar,,,,,,,,,
"Low wild ungulate density and high livestock production. Wild boar present in valley bottoms, roe deer at low numbers",Vos 2000,Peneda-Gerês National Park,PNG,VOS00PNG,-8.29951,41.94697,"41˚57'N, 08˚15'W",1996,1996,Northern Portugal,Portugal,PA0406,PA,4,PA04,PA,WEE,GEM,PA10,648,"Yes, but poaching is regular",,,,2000,,0,,140,1483,140-1483,240,,,,1 (studied),,,"*1 pack studied. unclear if they are the only pack in the area. Wolves present in the area ""since historical times""",Highly abundant,2,"Wild boar, Roe deer",,,,,,,,,
possible SP and SA overlap,Wagner 2012,Lusatian heath ,LUH,WAR12LUH,14.49222,51.4815,None given,2001,2009,North Eastern Saxony and southern Brandenburg,Germany,PA0412,PA,4,PA04,PA,WEE,GEM,PA12,654,,,,,,,,,,,,2500,,,,,,,,,,,,,,,,,,,
also reports Levins index (B),Werhahn 2019,Humla,HUM,WEN19HUM,81.65959,30.34222,None given ,2015,2015,Sanjiangyuan National Nature Reserve,Nepal,PA1021,PA,10,PA10,PA,EAE,TIP,PA41,769,Nature reserve,,,,,,summer study,summer study,4560,5120,4560-5120,384,,,,,,5,Mean pack size observed was 5 wolves,Highly abundant,4,"Kiang, Tibetan gazelle, Tibetan argali, Naur",No,5,,2,"Snow leopard (Panthera unica), Brown bear (Ursus arctos)",3,"Red fox (Vulpes vulpes), Tibetan fox (Vulpes ferrilata), Eurasian lynx (Lynx lynx)",,
also reports Levins index (B),Werhahn 2019,Dolpa,DOL,WEN12DOL,83.23936,29.36201,None given ,2016,2016,Sanjiangyuan National Nature Reserve,Nepal,PA1021,PA,10,PA10,PA,EAE,TIP,PA41,769,Nature reserve,,,,,,summer study ,summer study,3850,5540,3850-5540,1088,,,,,,5,Mean pack size observed was 5 wolves,Highly abundant,3,"Tibetan argali, Naur, Tibetan gazelle",No,5,,2,"Snow leopard (Panthera unica), Brown bear (Ursus arctos)",3,"Red fox (Vulpes vulpes), Tibetan fox (Vulpes ferrilata), Eurasian lynx (Lynx lynx)",,
also reports Levins index (B),Werhahn 2019,Kanchenjunga Conservation Area (KCA),KCA,WEN12KCA,87.96841,27.77753,None given ,2016,2016,Inner Valleys of the eastern Himalayas,Nepal,PA1003,PA,10,PA10,PA,EAE,TIP,PA41,751,Conservation area,,,,,,summer study ,summer study,3980,5150,3980-5150,368,,,,,,5,Mean pack size observed was 5 wolves,Highly abundant,1,Naur,No,5,,2,"Snow leopard (Panthera unica), Brown bear (Ursus arctos)",3,"Red fox (Vulpes vulpes), Tibetan fox (Vulpes ferrilata), Eurasian lynx (Lynx lynx)",,
also reports Levins index (B),Werhahn 2019,Zhaqing,ZHA,WEN12ZHA,96.33672,33.46149,None given ,2017,2017,Tibetan Plateau,China,PA1017,PA,10,PA10,PA,EAE,TIP,PA40,765,,,,,,,summer study ,summer study,4380,4800,4380-4800,452,,,,,,5,Mean pack size observed was 5 wolves,Highly abundant,3,"Naur, Tibetan gazelle, White-lipped deer",No,5,,2,"Snow leopard (Panthera unica), Brown bear (Ursus arctos)",3,"Red fox (Vulpes vulpes), Tibetan fox (Vulpes ferrilata), Eurasian lynx (Lynx lynx)",,
also reports Levins index (B),Werhahn 2019,Namsai,NAM,WEN12NAM,96.90831,33.17576,None given ,2017,2017,Tibetan Plateau,China,PA1017,PA,10,PA10,PA,EAE,TIP,PA40,765,,,,,,,summer study ,summer study,4360,4770,4360-4770,175,,,,,,5,Mean pack size observed was 5 wolves,Highly abundant,3,"Naur, White-lipped deer, Tibetan gazelle",No,5,,2,"Snow leopard (Panthera unica), Brown bear (Ursus arctos)",3,"Red fox (Vulpes vulpes), Tibetan fox (Vulpes ferrilata), Eurasian lynx (Lynx lynx)",,
,Zabihi-Seissan 2022,Riding Mountain National Park,RDM,ZAN22RDM,-100.19372,50.83333,"50°51′50″N, 100°02′10″W",2016,2017,Manitoba,Canada,NA0608,NA,6,NA06,NA,SUA,CBF,NA8,376,,,,,,,,,,,,3000,,,,,,,,,,,,,,,,,,,